-∞,-∞,-∞,-∞,-∞,-∞,-∞,-∞,-∞,-∞,-∞,-∞,-∞,-∞,-∞,-∞,-∞,-∞,-∞,-∞,-∞,-∞,-∞,-∞,-∞,-∞,-∞,-∞,-∞,-∞,-∞,-∞,-∞,-∞,-∞,-∞,-∞,-∞,-∞,-∞,-∞,-∞,-∞,-∞,-∞,-∞,-∞,-∞,-∞,-∞,-∞,-∞,-∞,-∞,-∞,-∞,-∞,-∞,-∞,-∞,-∞,-∞,-∞,-∞,-∞,-∞,-∞,-∞,-∞,-∞,-∞,-∞,-∞,-∞,-∞,-∞,-∞,-∞,-∞,-∞,-∞,-∞,-∞,-∞,-∞,-∞,-∞,-∞,-∞,-∞,-∞,-∞,-∞,-∞,-∞,-∞,-∞,-∞,-∞,-∞,-∞,-∞,-∞,-∞,-∞,-∞,-∞,-∞,-∞,-∞,-∞,-∞,-∞,-∞,-∞,-∞,-∞,-∞,-∞,-∞,-∞,-∞,-∞,-∞,-∞,-∞,-∞,-∞,-∞,-∞,-∞,-∞,-∞,-∞,-∞,-∞,-∞,-∞,-∞,-∞,-∞,-∞,-∞,-∞,-∞,-∞,-∞,-∞,-∞,-∞,-∞,-∞,-∞,-∞,-∞,-∞,-∞,-∞,-∞,-∞,-∞,-∞,-∞,-∞,-∞,-∞,-∞,-∞,-∞,-∞,-∞,-∞,-∞,-∞,-∞,-∞,-∞,-∞,-∞,-∞,-∞,-∞,-∞,-∞,-∞,-∞,-∞,-∞,-∞,-∞,-∞,-∞,-∞,-∞,-∞,-∞,-∞,-∞,-∞,-∞,-∞,-∞,-∞,-∞,-∞,-∞,-∞,-∞,-∞,-∞,-∞,-∞,-∞,-∞,-∞,-∞,-∞,-∞,-∞,-∞,-∞,-∞,-∞,-∞,-∞,-∞,-∞,-∞,-∞,-∞,-∞,-∞,-∞,-∞,-∞,-∞,-∞,-∞,-∞,-∞,-∞,-∞,-∞,-∞,-∞,-∞,-∞,-∞,-∞,-∞,-∞,-∞,-∞,-∞,-∞,-∞,-∞,-∞,-∞,-∞,-∞,-∞,-∞,-∞,-∞,-∞,-∞,-∞,-∞,-∞,-∞,-∞,-∞,-∞,-∞,-∞,-∞,-∞,-∞,-∞,-∞,-∞,-∞,-∞,-∞,-∞,-∞,-∞,-∞,-∞,-∞,-∞,-∞,-∞,-∞,-∞,-∞,-∞,-∞,-∞,-∞,-∞,-∞,-∞,-∞,-∞,-∞,-∞,-∞,-∞,-∞,-∞,-∞,-∞,-∞,-∞,-∞,-∞,-∞,-∞,-∞,-∞,-∞,-∞,-∞,-∞,-∞,-∞,-∞,-∞,-∞,-∞,-∞,-∞,-∞,-∞,-∞,-∞,-∞,-∞,-∞,-∞,-∞,-∞,-∞,-∞,-∞,-∞,-∞,-∞,-∞,-∞,-∞,-∞,-∞,-∞,-∞,-∞,-∞,-∞,-∞,-∞,-∞,-∞,-∞,-∞,-∞,-∞,-∞,-∞,-∞,-∞,-∞,-∞,-∞,-∞,-∞,-∞,-∞,-∞,-∞,-∞,-∞,-∞,-∞,-∞,-∞,-∞,-∞,-∞,-∞,-∞,-∞,-∞,-∞,-∞,-∞,-∞,-∞,-∞,-∞,-∞,-∞,-∞,-∞,-∞,-∞,-∞,-∞,-∞,-∞,-∞,-∞,-∞,-∞,-∞,-∞,-∞,-∞,-∞,-∞,-∞,-∞,-∞,-∞,-∞,-∞,-∞,-∞,-∞,-∞,-∞,-∞,-∞,-∞,-∞,-∞,-∞,-∞,-∞,-∞,-∞,-∞,-∞,-∞,-∞,-∞,-∞,-∞,-∞,-∞,-∞,-∞,-∞,-∞,-∞,-∞,-∞,-∞,-∞,-∞,-∞,-∞,-∞,-∞,-∞,-∞,-∞,-∞,-∞,-∞,-∞,-∞,-∞,-∞,-∞,-∞,-∞,-∞,-∞,-∞,-∞,-∞,-∞,-∞,-∞,-∞,-∞,-∞,-∞,-∞,-∞,-∞,-∞,-∞,-∞,-∞,-∞,-∞,-∞
-∞,-∞,-∞,-∞,-∞,-∞,-∞,-∞,-∞,-∞,-∞,-∞,-∞,-∞,-∞,-∞,-∞,-∞,-∞,-∞,-∞,-∞,-∞,-∞,-∞,-∞,-∞,-∞,-∞,-∞,-∞,-∞,-∞,-∞,-∞,-∞,-∞,-∞,-∞,-∞,-∞,-∞,-∞,-∞,-∞,-∞,-∞,-∞,-∞,-∞,-∞,-∞,-∞,-∞,-∞,-∞,-∞,-∞,-∞,-∞,-∞,-∞,-∞,-∞,-∞,-∞,-∞,-∞,-∞,-∞,-∞,-∞,-∞,-∞,-∞,-∞,-∞,-∞,-∞,-∞,-∞,-∞,-∞,-∞,-∞,-∞,-∞,-∞,-∞,-∞,-∞,-∞,-∞,-∞,-∞,-∞,-∞,-∞,-∞,-∞,-∞,-∞,-∞,-∞,-∞,-∞,-∞,-∞,-∞,-∞,-∞,-∞,-∞,-∞,-∞,-∞,-∞,-∞,-∞,-∞,-∞,-∞,-∞,-∞,-∞,-∞,-∞,-∞,-∞,-∞,-∞,-∞,-∞,-∞,-∞,-∞,-∞,-∞,-∞,-∞,-∞,-∞,-∞,-∞,-∞,-∞,-∞,-∞,-∞,-∞,-∞,-∞,-∞,-∞,-∞,-∞,-∞,-∞,-∞,-∞,-∞,-∞,-∞,-∞,-∞,-∞,-∞,-∞,-∞,-∞,-∞,-∞,-∞,-∞,-∞,-∞,-∞,-∞,-∞,-∞,-∞,-∞,-∞,-∞,-∞,-∞,-∞,-∞,-∞,-∞,-∞,-∞,-∞,-∞,-∞,-∞,-∞,-∞,-∞,-∞,-∞,-∞,-∞,-∞,-∞,-∞,-∞,-∞,-∞,-∞,-∞,-∞,-∞,-∞,-∞,-∞,-∞,-∞,-∞,-∞,-∞,-∞,-∞,-∞,-∞,-∞,-∞,-∞,-∞,-∞,-∞,-∞,-∞,-∞,-∞,-∞,-∞,-∞,-∞,-∞,-∞,-∞,-∞,-∞,-∞,-∞,-∞,-∞,-∞,-∞,-∞,-∞,-∞,-∞,-∞,-∞,-∞,-∞,-∞,-∞,-∞,-∞,-∞,-∞,-∞,-∞,-∞,-∞,-∞,-∞,-∞,-∞,-∞,-∞,-∞,-∞,-∞,-∞,-∞,-∞,-∞,-∞,-∞,-∞,-∞,-∞,-∞,-∞,-∞,-∞,-∞,-∞,-∞,-∞,-∞,-∞,-∞,-∞,-∞,-∞,-∞,-∞,-∞,-∞,-∞,-∞,-∞,-∞,-∞,-∞,-∞,-∞,-∞,-∞,-∞,-∞,-∞,-∞,-∞,-∞,-∞,-∞,-∞,-∞,-∞,-∞,-∞,-∞,-∞,-∞,-∞,-∞,-∞,-∞,-∞,-∞,-∞,-∞,-∞,-∞,-∞,-∞,-∞,-∞,-∞,-∞,-∞,-∞,-∞,-∞,-∞,-∞,-∞,-∞,-∞,-∞,-∞,-∞,-∞,-∞,-∞,-∞,-∞,-∞,-∞,-∞,-∞,-∞,-∞,-∞,-∞,-∞,-∞,-∞,-∞,-∞,-∞,-∞,-∞,-∞,-∞,-∞,-∞,-∞,-∞,-∞,-∞,-∞,-∞,-∞,-∞,-∞,-∞,-∞,-∞,-∞,-∞,-∞,-∞,-∞,-∞,-∞,-∞,-∞,-∞,-∞,-∞,-∞,-∞,-∞,-∞,-∞,-∞,-∞,-∞,-∞,-∞,-∞,-∞,-∞,-∞,-∞,-∞,-∞,-∞,-∞,-∞,-∞,-∞,-∞,-∞,-∞,-∞,-∞,-∞,-∞,-∞,-∞,-∞,-∞,-∞,-∞,-∞,-∞,-∞,-∞,-∞,-∞,-∞,-∞,-∞,-∞,-∞,-∞,-∞,-∞,-∞,-∞,-∞,-∞,-∞,-∞,-∞,-∞,-∞,-∞,-∞,-∞,-∞,-∞,-∞,-∞,-∞,-∞,-∞,-∞,-∞,-∞,-∞,-∞,-∞,-∞,-∞,-∞,-∞,-∞,-∞,-∞,-∞,-∞,-∞,-∞,-∞,-∞,-∞,-∞,-∞,-∞,-∞,-∞
0.6931471805599453,0.5493061443340549,0.3662040962227033,-∞,-∞,-∞,-∞,-∞,-∞,-∞,-∞,-∞,-∞,-∞,-∞,-∞,-∞,-∞,-∞,-∞,-∞,-∞,-∞,-∞,-∞,-∞,-∞,-∞,-∞,-∞,-∞,-∞,-∞,-∞,-∞,-∞,-∞,-∞,-∞,-∞,-∞,-∞,-∞,-∞,-∞,-∞,-∞,-∞,-∞,-∞,-∞,-∞,-∞,-∞,-∞,-∞,-∞,-∞,-∞,-∞,-∞,-∞,-∞,-∞,-∞,-∞,-∞,-∞,-∞,-∞,-∞,-∞,-∞,-∞,-∞,-∞,-∞,-∞,-∞,-∞,-∞,-∞,-∞,-∞,-∞,-∞,-∞,-∞,-∞,-∞,-∞,-∞,-∞,-∞,-∞,-∞,-∞,-∞,-∞,-∞,-∞,-∞,-∞,-∞,-∞,-∞,-∞,-∞,-∞,-∞,-∞,-∞,-∞,-∞,-∞,-∞,-∞,-∞,-∞,-∞,-∞,-∞,-∞,-∞,-∞,-∞,-∞,-∞,-∞,-∞,-∞,-∞,-∞,-∞,-∞,-∞,-∞,-∞,-∞,-∞,-∞,-∞,-∞,-∞,-∞,-∞,-∞,-∞,-∞,-∞,-∞,-∞,-∞,-∞,-∞,-∞,-∞,-∞,-∞,-∞,-∞,-∞,-∞,-∞,-∞,-∞,-∞,-∞,-∞,-∞,-∞,-∞,-∞,-∞,-∞,-∞,-∞,-∞,-∞,-∞,-∞,-∞,-∞,-∞,-∞,-∞,-∞,-∞,-∞,-∞,-∞,-∞,-∞,-∞,-∞,-∞,-∞,-∞,-∞,-∞,-∞,-∞,-∞,-∞,-∞,-∞,-∞,-∞,-∞,-∞,-∞,-∞,-∞,-∞,-∞,-∞,-∞,-∞,-∞,-∞,-∞,-∞,-∞,-∞,-∞,-∞,-∞,-∞,-∞,-∞,-∞,-∞,-∞,-∞,-∞,-∞,-∞,-∞,-∞,-∞,-∞,-∞,-∞,-∞,-∞,-∞,-∞,-∞,-∞,-∞,-∞,-∞,-∞,-∞,-∞,-∞,-∞,-∞,-∞,-∞,-∞,-∞,-∞,-∞,-∞,-∞,-∞,-∞,-∞,-∞,-∞,-∞,-∞,-∞,-∞,-∞,-∞,-∞,-∞,-∞,-∞,-∞,-∞,-∞,-∞,-∞,-∞,-∞,-∞,-∞,-∞,-∞,-∞,-∞,-∞,-∞,-∞,-∞,-∞,-∞,-∞,-∞,-∞,-∞,-∞,-∞,-∞,-∞,-∞,-∞,-∞,-∞,-∞,-∞,-∞,-∞,-∞,-∞,-∞,-∞,-∞,-∞,-∞,-∞,-∞,-∞,-∞,-∞,-∞,-∞,-∞,-∞,-∞,-∞,-∞,-∞,-∞,-∞,-∞,-∞,-∞,-∞,-∞,-∞,-∞,-∞,-∞,-∞,-∞,-∞,-∞,-∞,-∞,-∞,-∞,-∞,-∞,-∞,-∞,-∞,-∞,-∞,-∞,-∞,-∞,-∞,-∞,-∞,-∞,-∞,-∞,-∞,-∞,-∞,-∞,-∞,-∞,-∞,-∞,-∞,-∞,-∞,-∞,-∞,-∞,-∞,-∞,-∞,-∞,-∞,-∞,-∞,-∞,-∞,-∞,-∞,-∞,-∞,-∞,-∞,-∞,-∞,-∞,-∞,-∞,-∞,-∞,-∞,-∞,-∞,-∞,-∞,-∞,-∞,-∞,-∞,-∞,-∞,-∞,-∞,-∞,-∞,-∞,-∞,-∞,-∞,-∞,-∞,-∞,-∞,-∞,-∞,-∞,-∞,-∞,-∞,-∞,-∞,-∞,-∞,-∞,-∞,-∞,-∞,-∞,-∞,-∞,-∞,-∞,-∞,-∞,-∞,-∞,-∞,-∞,-∞,-∞,-∞,-∞,-∞,-∞,-∞,-∞,-∞,-∞,-∞,-∞,-∞,-∞,-∞,-∞,-∞,-∞,-∞,-∞,-∞,-∞,-∞,-∞,-∞,-∞,-∞,-∞,-∞,-∞,-∞,-∞,-∞,-∞,-∞,-∞,-∞,-∞,-∞,-∞,-∞,-∞,-∞,-∞,-∞
0.6931471805599453,0.6931471805599453,0.6486367163517711,0.5994738181995927,0.5545177444479562,0.515173742226386,0.47602921573931484,0.4165255637719005,-∞,-∞,-∞,-∞,-∞,-∞,-∞,-∞,-∞,-∞,-∞,-∞,-∞,-∞,-∞,-∞,-∞,-∞,-∞,-∞,-∞,-∞,-∞,-∞,-∞,-∞,-∞,-∞,-∞,-∞,-∞,-∞,-∞,-∞,-∞,-∞,-∞,-∞,-∞,-∞,-∞,-∞,-∞,-∞,-∞,-∞,-∞,-∞,-∞,-∞,-∞,-∞,-∞,-∞,-∞,-∞,-∞,-∞,-∞,-∞,-∞,-∞,-∞,-∞,-∞,-∞,-∞,-∞,-∞,-∞,-∞,-∞,-∞,-∞,-∞,-∞,-∞,-∞,-∞,-∞,-∞,-∞,-∞,-∞,-∞,-∞,-∞,-∞,-∞,-∞,-∞,-∞,-∞,-∞,-∞,-∞,-∞,-∞,-∞,-∞,-∞,-∞,-∞,-∞,-∞,-∞,-∞,-∞,-∞,-∞,-∞,-∞,-∞,-∞,-∞,-∞,-∞,-∞,-∞,-∞,-∞,-∞,-∞,-∞,-∞,-∞,-∞,-∞,-∞,-∞,-∞,-∞,-∞,-∞,-∞,-∞,-∞,-∞,-∞,-∞,-∞,-∞,-∞,-∞,-∞,-∞,-∞,-∞,-∞,-∞,-∞,-∞,-∞,-∞,-∞,-∞,-∞,-∞,-∞,-∞,-∞,-∞,-∞,-∞,-∞,-∞,-∞,-∞,-∞,-∞,-∞,-∞,-∞,-∞,-∞,-∞,-∞,-∞,-∞,-∞,-∞,-∞,-∞,-∞,-∞,-∞,-∞,-∞,-∞,-∞,-∞,-∞,-∞,-∞,-∞,-∞,-∞,-∞,-∞,-∞,-∞,-∞,-∞,-∞,-∞,-∞,-∞,-∞,-∞,-∞,-∞,-∞,-∞,-∞,-∞,-∞,-∞,-∞,-∞,-∞,-∞,-∞,-∞,-∞,-∞,-∞,-∞,-∞,-∞,-∞,-∞,-∞,-∞,-∞,-∞,-∞,-∞,-∞,-∞,-∞,-∞,-∞,-∞,-∞,-∞,-∞,-∞,-∞,-∞,-∞,-∞,-∞,-∞,-∞,-∞,-∞,-∞,-∞,-∞,-∞,-∞,-∞,-∞,-∞,-∞,-∞,-∞,-∞,-∞,-∞,-∞,-∞,-∞,-∞,-∞,-∞,-∞,-∞,-∞,-∞,-∞,-∞,-∞,-∞,-∞,-∞,-∞,-∞,-∞,-∞,-∞,-∞,-∞,-∞,-∞,-∞,-∞,-∞,-∞,-∞,-∞,-∞,-∞,-∞,-∞,-∞,-∞,-∞,-∞,-∞,-∞,-∞,-∞,-∞,-∞,-∞,-∞,-∞,-∞,-∞,-∞,-∞,-∞,-∞,-∞,-∞,-∞,-∞,-∞,-∞,-∞,-∞,-∞,-∞,-∞,-∞,-∞,-∞,-∞,-∞,-∞,-∞,-∞,-∞,-∞,-∞,-∞,-∞,-∞,-∞,-∞,-∞,-∞,-∞,-∞,-∞,-∞,-∞,-∞,-∞,-∞,-∞,-∞,-∞,-∞,-∞,-∞,-∞,-∞,-∞,-∞,-∞,-∞,-∞,-∞,-∞,-∞,-∞,-∞,-∞,-∞,-∞,-∞,-∞,-∞,-∞,-∞,-∞,-∞,-∞,-∞,-∞,-∞,-∞,-∞,-∞,-∞,-∞,-∞,-∞,-∞,-∞,-∞,-∞,-∞,-∞,-∞,-∞,-∞,-∞,-∞,-∞,-∞,-∞,-∞,-∞,-∞,-∞,-∞,-∞,-∞,-∞,-∞,-∞,-∞,-∞,-∞,-∞,-∞,-∞,-∞,-∞,-∞,-∞,-∞,-∞,-∞,-∞,-∞,-∞,-∞,-∞,-∞,-∞,-∞,-∞,-∞,-∞,-∞,-∞,-∞,-∞,-∞,-∞,-∞,-∞,-∞,-∞,-∞,-∞,-∞,-∞,-∞,-∞,-∞,-∞,-∞,-∞,-∞,-∞,-∞,-∞,-∞,-∞,-∞,-∞,-∞,-∞,-∞,-∞,-∞,-∞,-∞,-∞,-∞,-∞,-∞,-∞,-∞,-∞,-∞,-∞
-∞,-∞,-∞,-∞,-∞,-∞,-∞,-∞,-∞,-∞,-∞,-∞,-∞,-∞,-∞,-∞,-∞,-∞,-∞,-∞,-∞,-∞,-∞,-∞,-∞,-∞,-∞,-∞,-∞,-∞,-∞,-∞,-∞,-∞,-∞,-∞,-∞,-∞,-∞,-∞,-∞,-∞,-∞,-∞,-∞,-∞,-∞,-∞,-∞,-∞,-∞,-∞,-∞,-∞,-∞,-∞,-∞,-∞,-∞,-∞,-∞,-∞,-∞,-∞,-∞,-∞,-∞,-∞,-∞,-∞,-∞,-∞,-∞,-∞,-∞,-∞,-∞,-∞,-∞,-∞,-∞,-∞,-∞,-∞,-∞,-∞,-∞,-∞,-∞,-∞,-∞,-∞,-∞,-∞,-∞,-∞,-∞,-∞,-∞,-∞,-∞,-∞,-∞,-∞,-∞,-∞,-∞,-∞,-∞,-∞,-∞,-∞,-∞,-∞,-∞,-∞,-∞,-∞,-∞,-∞,-∞,-∞,-∞,-∞,-∞,-∞,-∞,-∞,-∞,-∞,-∞,-∞,-∞,-∞,-∞,-∞,-∞,-∞,-∞,-∞,-∞,-∞,-∞,-∞,-∞,-∞,-∞,-∞,-∞,-∞,-∞,-∞,-∞,-∞,-∞,-∞,-∞,-∞,-∞,-∞,-∞,-∞,-∞,-∞,-∞,-∞,-∞,-∞,-∞,-∞,-∞,-∞,-∞,-∞,-∞,-∞,-∞,-∞,-∞,-∞,-∞,-∞,-∞,-∞,-∞,-∞,-∞,-∞,-∞,-∞,-∞,-∞,-∞,-∞,-∞,-∞,-∞,-∞,-∞,-∞,-∞,-∞,-∞,-∞,-∞,-∞,-∞,-∞,-∞,-∞,-∞,-∞,-∞,-∞,-∞,-∞,-∞,-∞,-∞,-∞,-∞,-∞,-∞,-∞,-∞,-∞,-∞,-∞,-∞,-∞,-∞,-∞,-∞,-∞,-∞,-∞,-∞,-∞,-∞,-∞,-∞,-∞,-∞,-∞,-∞,-∞,-∞,-∞,-∞,-∞,-∞,-∞,-∞,-∞,-∞,-∞,-∞,-∞,-∞,-∞,-∞,-∞,-∞,-∞,-∞,-∞,-∞,-∞,-∞,-∞,-∞,-∞,-∞,-∞,-∞,-∞,-∞,-∞,-∞,-∞,-∞,-∞,-∞,-∞,-∞,-∞,-∞,-∞,-∞,-∞,-∞,-∞,-∞,-∞,-∞,-∞,-∞,-∞,-∞,-∞,-∞,-∞,-∞,-∞,-∞,-∞,-∞,-∞,-∞,-∞,-∞,-∞,-∞,-∞,-∞,-∞,-∞,-∞,-∞,-∞,-∞,-∞,-∞,-∞,-∞,-∞,-∞,-∞,-∞,-∞,-∞,-∞,-∞,-∞,-∞,-∞,-∞,-∞,-∞,-∞,-∞,-∞,-∞,-∞,-∞,-∞,-∞,-∞,-∞,-∞,-∞,-∞,-∞,-∞,-∞,-∞,-∞,-∞,-∞,-∞,-∞,-∞,-∞,-∞,-∞,-∞,-∞,-∞,-∞,-∞,-∞,-∞,-∞,-∞,-∞,-∞,-∞,-∞,-∞,-∞,-∞,-∞,-∞,-∞,-∞,-∞,-∞,-∞,-∞,-∞,-∞,-∞,-∞,-∞,-∞,-∞,-∞,-∞,-∞,-∞,-∞,-∞,-∞,-∞,-∞,-∞,-∞,-∞,-∞,-∞,-∞,-∞,-∞,-∞,-∞,-∞,-∞,-∞,-∞,-∞,-∞,-∞,-∞,-∞,-∞,-∞,-∞,-∞,-∞,-∞,-∞,-∞,-∞,-∞,-∞,-∞,-∞,-∞,-∞,-∞,-∞,-∞,-∞,-∞,-∞,-∞,-∞,-∞,-∞,-∞,-∞,-∞,-∞,-∞,-∞,-∞,-∞,-∞,-∞,-∞,-∞,-∞,-∞,-∞,-∞,-∞,-∞,-∞,-∞,-∞,-∞,-∞,-∞,-∞,-∞,-∞,-∞,-∞,-∞,-∞,-∞,-∞,-∞,-∞,-∞,-∞,-∞,-∞,-∞,-∞,-∞,-∞,-∞,-∞,-∞,-∞,-∞,-∞,-∞,-∞
-∞,-∞,-∞,-∞,-∞,-∞,-∞,-∞,-∞,-∞,-∞,-∞,-∞,-∞,-∞,-∞,-∞,-∞,-∞,-∞,-∞,-∞,-∞,-∞,-∞,-∞,-∞,-∞,-∞,-∞,-∞,-∞,-∞,-∞,-∞,-∞,-∞,-∞,-∞,-∞,-∞,-∞,-∞,-∞,-∞,-∞,-∞,-∞,-∞,-∞,-∞,-∞,-∞,-∞,-∞,-∞,-∞,-∞,-∞,-∞,-∞,-∞,-∞,-∞,-∞,-∞,-∞,-∞,-∞,-∞,-∞,-∞,-∞,-∞,-∞,-∞,-∞,-∞,-∞,-∞,-∞,-∞,-∞,-∞,-∞,-∞,-∞,-∞,-∞,-∞,-∞,-∞,-∞,-∞,-∞,-∞,-∞,-∞,-∞,-∞,-∞,-∞,-∞,-∞,-∞,-∞,-∞,-∞,-∞,-∞,-∞,-∞,-∞,-∞,-∞,-∞,-∞,-∞,-∞,-∞,-∞,-∞,-∞,-∞,-∞,-∞,-∞,-∞,-∞,-∞,-∞,-∞,-∞,-∞,-∞,-∞,-∞,-∞,-∞,-∞,-∞,-∞,-∞,-∞,-∞,-∞,-∞,-∞,-∞,-∞,-∞,-∞,-∞,-∞,-∞,-∞,-∞,-∞,-∞,-∞,-∞,-∞,-∞,-∞,-∞,-∞,-∞,-∞,-∞,-∞,-∞,-∞,-∞,-∞,-∞,-∞,-∞,-∞,-∞,-∞,-∞,-∞,-∞,-∞,-∞,-∞,-∞,-∞,-∞,-∞,-∞,-∞,-∞,-∞,-∞,-∞,-∞,-∞,-∞,-∞,-∞,-∞,-∞,-∞,-∞,-∞,-∞,-∞,-∞,-∞,-∞,-∞,-∞,-∞,-∞,-∞,-∞,-∞,-∞,-∞,-∞,-∞,-∞,-∞,-∞,-∞,-∞,-∞,-∞,-∞,-∞,-∞,-∞,-∞,-∞,-∞,-∞,-∞,-∞,-∞,-∞,-∞,-∞,-∞,-∞,-∞,-∞,-∞,-∞,-∞,-∞,-∞,-∞,-∞,-∞,-∞,-∞,-∞,-∞,-∞,-∞,-∞,-∞,-∞,-∞,-∞,-∞,-∞,-∞,-∞,-∞,-∞,-∞,-∞,-∞,-∞,-∞,-∞,-∞,-∞,-∞,-∞,-∞,-∞,-∞,-∞,-∞,-∞,-∞,-∞,-∞,-∞,-∞,-∞,-∞,-∞,-∞,-∞,-∞,-∞,-∞,-∞,-∞,-∞,-∞,-∞,-∞,-∞,-∞,-∞,-∞,-∞,-∞,-∞,-∞,-∞,-∞,-∞,-∞,-∞,-∞,-∞,-∞,-∞,-∞,-∞,-∞,-∞,-∞,-∞,-∞,-∞,-∞,-∞,-∞,-∞,-∞,-∞,-∞,-∞,-∞,-∞,-∞,-∞,-∞,-∞,-∞,-∞,-∞,-∞,-∞,-∞,-∞,-∞,-∞,-∞,-∞,-∞,-∞,-∞,-∞,-∞,-∞,-∞,-∞,-∞,-∞,-∞,-∞,-∞,-∞,-∞,-∞,-∞,-∞,-∞,-∞,-∞,-∞,-∞,-∞,-∞,-∞,-∞,-∞,-∞,-∞,-∞,-∞,-∞,-∞,-∞,-∞,-∞,-∞,-∞,-∞,-∞,-∞,-∞,-∞,-∞,-∞,-∞,-∞,-∞,-∞,-∞,-∞,-∞,-∞,-∞,-∞,-∞,-∞,-∞,-∞,-∞,-∞,-∞,-∞,-∞,-∞,-∞,-∞,-∞,-∞,-∞,-∞,-∞,-∞,-∞,-∞,-∞,-∞,-∞,-∞,-∞,-∞,-∞,-∞,-∞,-∞,-∞,-∞,-∞,-∞,-∞,-∞,-∞,-∞,-∞,-∞,-∞,-∞,-∞,-∞,-∞,-∞,-∞,-∞,-∞,-∞,-∞,-∞,-∞,-∞,-∞,-∞,-∞,-∞,-∞,-∞,-∞,-∞,-∞,-∞,-∞,-∞,-∞,-∞,-∞,-∞,-∞,-∞,-∞,-∞,-∞,-∞,-∞,-∞,-∞,-∞,-∞,-∞,-∞,-∞,-∞,-∞,-∞
0,0,0,0,-∞,-∞,-∞,-∞,-∞,-∞,-∞,-∞,-∞,-∞,-∞,-∞,-∞,-∞,-∞,-∞,-∞,-∞,-∞,-∞,-∞,-∞,-∞,-∞,-∞,-∞,-∞,-∞,-∞,-∞,-∞,-∞,-∞,-∞,-∞,-∞,-∞,-∞,-∞,-∞,-∞,-∞,-∞,-∞,-∞,-∞,-∞,-∞,-∞,-∞,-∞,-∞,-∞,-∞,-∞,-∞,-∞,-∞,-∞,-∞,-∞,-∞,-∞,-∞,-∞,-∞,-∞,-∞,-∞,-∞,-∞,-∞,-∞,-∞,-∞,-∞,-∞,-∞,-∞,-∞,-∞,-∞,-∞,-∞,-∞,-∞,-∞,-∞,-∞,-∞,-∞,-∞,-∞,-∞,-∞,-∞,-∞,-∞,-∞,-∞,-∞,-∞,-∞,-∞,-∞,-∞,-∞,-∞,-∞,-∞,-∞,-∞,-∞,-∞,-∞,-∞,-∞,-∞,-∞,-∞,-∞,-∞,-∞,-∞,-∞,-∞,-∞,-∞,-∞,-∞,-∞,-∞,-∞,-∞,-∞,-∞,-∞,-∞,-∞,-∞,-∞,-∞,-∞,-∞,-∞,-∞,-∞,-∞,-∞,-∞,-∞,-∞,-∞,-∞,-∞,-∞,-∞,-∞,-∞,-∞,-∞,-∞,-∞,-∞,-∞,-∞,-∞,-∞,-∞,-∞,-∞,-∞,-∞,-∞,-∞,-∞,-∞,-∞,-∞,-∞,-∞,-∞,-∞,-∞,-∞,-∞,-∞,-∞,-∞,-∞,-∞,-∞,-∞,-∞,-∞,-∞,-∞,-∞,-∞,-∞,-∞,-∞,-∞,-∞,-∞,-∞,-∞,-∞,-∞,-∞,-∞,-∞,-∞,-∞,-∞,-∞,-∞,-∞,-∞,-∞,-∞,-∞,-∞,-∞,-∞,-∞,-∞,-∞,-∞,-∞,-∞,-∞,-∞,-∞,-∞,-∞,-∞,-∞,-∞,-∞,-∞,-∞,-∞,-∞,-∞,-∞,-∞,-∞,-∞,-∞,-∞,-∞,-∞,-∞,-∞,-∞,-∞,-∞,-∞,-∞,-∞,-∞,-∞,-∞,-∞,-∞,-∞,-∞,-∞,-∞,-∞,-∞,-∞,-∞,-∞,-∞,-∞,-∞,-∞,-∞,-∞,-∞,-∞,-∞,-∞,-∞,-∞,-∞,-∞,-∞,-∞,-∞,-∞,-∞,-∞,-∞,-∞,-∞,-∞,-∞,-∞,-∞,-∞,-∞,-∞,-∞,-∞,-∞,-∞,-∞,-∞,-∞,-∞,-∞,-∞,-∞,-∞,-∞,-∞,-∞,-∞,-∞,-∞,-∞,-∞,-∞,-∞,-∞,-∞,-∞,-∞,-∞,-∞,-∞,-∞,-∞,-∞,-∞,-∞,-∞,-∞,-∞,-∞,-∞,-∞,-∞,-∞,-∞,-∞,-∞,-∞,-∞,-∞,-∞,-∞,-∞,-∞,-∞,-∞,-∞,-∞,-∞,-∞,-∞,-∞,-∞,-∞,-∞,-∞,-∞,-∞,-∞,-∞,-∞,-∞,-∞,-∞,-∞,-∞,-∞,-∞,-∞,-∞,-∞,-∞,-∞,-∞,-∞,-∞,-∞,-∞,-∞,-∞,-∞,-∞,-∞,-∞,-∞,-∞,-∞,-∞,-∞,-∞,-∞,-∞,-∞,-∞,-∞,-∞,-∞,-∞,-∞,-∞,-∞,-∞,-∞,-∞,-∞,-∞,-∞,-∞,-∞,-∞,-∞,-∞,-∞,-∞,-∞,-∞,-∞,-∞,-∞,-∞,-∞,-∞,-∞,-∞,-∞,-∞,-∞,-∞,-∞,-∞,-∞,-∞,-∞,-∞,-∞,-∞,-∞,-∞,-∞,-∞,-∞,-∞,-∞,-∞,-∞,-∞,-∞,-∞,-∞,-∞,-∞,-∞,-∞,-∞,-∞,-∞,-∞,-∞,-∞,-∞,-∞,-∞,-∞,-∞,-∞,-∞,-∞,-∞,-∞,-∞,-∞,-∞,-∞,-∞,-∞,-∞,-∞,-∞,-∞,-∞,-∞,-∞,-∞
0,0,-∞,-∞,-∞,-∞,-∞,-∞,-∞,-∞,-∞,-∞,-∞,-∞,-∞,-∞,-∞,-∞,-∞,-∞,-∞,-∞,-∞,-∞,-∞,-∞,-∞,-∞,-∞,-∞,-∞,-∞,-∞,-∞,-∞,-∞,-∞,-∞,-∞,-∞,-∞,-∞,-∞,-∞,-∞,-∞,-∞,-∞,-∞,-∞,-∞,-∞,-∞,-∞,-∞,-∞,-∞,-∞,-∞,-∞,-∞,-∞,-∞,-∞,-∞,-∞,-∞,-∞,-∞,-∞,-∞,-∞,-∞,-∞,-∞,-∞,-∞,-∞,-∞,-∞,-∞,-∞,-∞,-∞,-∞,-∞,-∞,-∞,-∞,-∞,-∞,-∞,-∞,-∞,-∞,-∞,-∞,-∞,-∞,-∞,-∞,-∞,-∞,-∞,-∞,-∞,-∞,-∞,-∞,-∞,-∞,-∞,-∞,-∞,-∞,-∞,-∞,-∞,-∞,-∞,-∞,-∞,-∞,-∞,-∞,-∞,-∞,-∞,-∞,-∞,-∞,-∞,-∞,-∞,-∞,-∞,-∞,-∞,-∞,-∞,-∞,-∞,-∞,-∞,-∞,-∞,-∞,-∞,-∞,-∞,-∞,-∞,-∞,-∞,-∞,-∞,-∞,-∞,-∞,-∞,-∞,-∞,-∞,-∞,-∞,-∞,-∞,-∞,-∞,-∞,-∞,-∞,-∞,-∞,-∞,-∞,-∞,-∞,-∞,-∞,-∞,-∞,-∞,-∞,-∞,-∞,-∞,-∞,-∞,-∞,-∞,-∞,-∞,-∞,-∞,-∞,-∞,-∞,-∞,-∞,-∞,-∞,-∞,-∞,-∞,-∞,-∞,-∞,-∞,-∞,-∞,-∞,-∞,-∞,-∞,-∞,-∞,-∞,-∞,-∞,-∞,-∞,-∞,-∞,-∞,-∞,-∞,-∞,-∞,-∞,-∞,-∞,-∞,-∞,-∞,-∞,-∞,-∞,-∞,-∞,-∞,-∞,-∞,-∞,-∞,-∞,-∞,-∞,-∞,-∞,-∞,-∞,-∞,-∞,-∞,-∞,-∞,-∞,-∞,-∞,-∞,-∞,-∞,-∞,-∞,-∞,-∞,-∞,-∞,-∞,-∞,-∞,-∞,-∞,-∞,-∞,-∞,-∞,-∞,-∞,-∞,-∞,-∞,-∞,-∞,-∞,-∞,-∞,-∞,-∞,-∞,-∞,-∞,-∞,-∞,-∞,-∞,-∞,-∞,-∞,-∞,-∞,-∞,-∞,-∞,-∞,-∞,-∞,-∞,-∞,-∞,-∞,-∞,-∞,-∞,-∞,-∞,-∞,-∞,-∞,-∞,-∞,-∞,-∞,-∞,-∞,-∞,-∞,-∞,-∞,-∞,-∞,-∞,-∞,-∞,-∞,-∞,-∞,-∞,-∞,-∞,-∞,-∞,-∞,-∞,-∞,-∞,-∞,-∞,-∞,-∞,-∞,-∞,-∞,-∞,-∞,-∞,-∞,-∞,-∞,-∞,-∞,-∞,-∞,-∞,-∞,-∞,-∞,-∞,-∞,-∞,-∞,-∞,-∞,-∞,-∞,-∞,-∞,-∞,-∞,-∞,-∞,-∞,-∞,-∞,-∞,-∞,-∞,-∞,-∞,-∞,-∞,-∞,-∞,-∞,-∞,-∞,-∞,-∞,-∞,-∞,-∞,-∞,-∞,-∞,-∞,-∞,-∞,-∞,-∞,-∞,-∞,-∞,-∞,-∞,-∞,-∞,-∞,-∞,-∞,-∞,-∞,-∞,-∞,-∞,-∞,-∞,-∞,-∞,-∞,-∞,-∞,-∞,-∞,-∞,-∞,-∞,-∞,-∞,-∞,-∞,-∞,-∞,-∞,-∞,-∞,-∞,-∞,-∞,-∞,-∞,-∞,-∞,-∞,-∞,-∞,-∞,-∞,-∞,-∞,-∞,-∞,-∞,-∞,-∞,-∞,-∞,-∞,-∞,-∞,-∞,-∞,-∞,-∞,-∞,-∞,-∞,-∞,-∞,-∞,-∞,-∞,-∞,-∞,-∞,-∞,-∞,-∞,-∞,-∞,-∞,-∞,-∞,-∞,-∞,-∞,-∞,-∞,-∞,-∞
0,0,-∞,-∞,-∞,-∞,-∞,-∞,-∞,-∞,-∞,-∞,-∞,-∞,-∞,-∞,-∞,-∞,-∞,-∞,-∞,-∞,-∞,-∞,-∞,-∞,-∞,-∞,-∞,-∞,-∞,-∞,-∞,-∞,-∞,-∞,-∞,-∞,-∞,-∞,-∞,-∞,-∞,-∞,-∞,-∞,-∞,-∞,-∞,-∞,-∞,-∞,-∞,-∞,-∞,-∞,-∞,-∞,-∞,-∞,-∞,-∞,-∞,-∞,-∞,-∞,-∞,-∞,-∞,-∞,-∞,-∞,-∞,-∞,-∞,-∞,-∞,-∞,-∞,-∞,-∞,-∞,-∞,-∞,-∞,-∞,-∞,-∞,-∞,-∞,-∞,-∞,-∞,-∞,-∞,-∞,-∞,-∞,-∞,-∞,-∞,-∞,-∞,-∞,-∞,-∞,-∞,-∞,-∞,-∞,-∞,-∞,-∞,-∞,-∞,-∞,-∞,-∞,-∞,-∞,-∞,-∞,-∞,-∞,-∞,-∞,-∞,-∞,-∞,-∞,-∞,-∞,-∞,-∞,-∞,-∞,-∞,-∞,-∞,-∞,-∞,-∞,-∞,-∞,-∞,-∞,-∞,-∞,-∞,-∞,-∞,-∞,-∞,-∞,-∞,-∞,-∞,-∞,-∞,-∞,-∞,-∞,-∞,-∞,-∞,-∞,-∞,-∞,-∞,-∞,-∞,-∞,-∞,-∞,-∞,-∞,-∞,-∞,-∞,-∞,-∞,-∞,-∞,-∞,-∞,-∞,-∞,-∞,-∞,-∞,-∞,-∞,-∞,-∞,-∞,-∞,-∞,-∞,-∞,-∞,-∞,-∞,-∞,-∞,-∞,-∞,-∞,-∞,-∞,-∞,-∞,-∞,-∞,-∞,-∞,-∞,-∞,-∞,-∞,-∞,-∞,-∞,-∞,-∞,-∞,-∞,-∞,-∞,-∞,-∞,-∞,-∞,-∞,-∞,-∞,-∞,-∞,-∞,-∞,-∞,-∞,-∞,-∞,-∞,-∞,-∞,-∞,-∞,-∞,-∞,-∞,-∞,-∞,-∞,-∞,-∞,-∞,-∞,-∞,-∞,-∞,-∞,-∞,-∞,-∞,-∞,-∞,-∞,-∞,-∞,-∞,-∞,-∞,-∞,-∞,-∞,-∞,-∞,-∞,-∞,-∞,-∞,-∞,-∞,-∞,-∞,-∞,-∞,-∞,-∞,-∞,-∞,-∞,-∞,-∞,-∞,-∞,-∞,-∞,-∞,-∞,-∞,-∞,-∞,-∞,-∞,-∞,-∞,-∞,-∞,-∞,-∞,-∞,-∞,-∞,-∞,-∞,-∞,-∞,-∞,-∞,-∞,-∞,-∞,-∞,-∞,-∞,-∞,-∞,-∞,-∞,-∞,-∞,-∞,-∞,-∞,-∞,-∞,-∞,-∞,-∞,-∞,-∞,-∞,-∞,-∞,-∞,-∞,-∞,-∞,-∞,-∞,-∞,-∞,-∞,-∞,-∞,-∞,-∞,-∞,-∞,-∞,-∞,-∞,-∞,-∞,-∞,-∞,-∞,-∞,-∞,-∞,-∞,-∞,-∞,-∞,-∞,-∞,-∞,-∞,-∞,-∞,-∞,-∞,-∞,-∞,-∞,-∞,-∞,-∞,-∞,-∞,-∞,-∞,-∞,-∞,-∞,-∞,-∞,-∞,-∞,-∞,-∞,-∞,-∞,-∞,-∞,-∞,-∞,-∞,-∞,-∞,-∞,-∞,-∞,-∞,-∞,-∞,-∞,-∞,-∞,-∞,-∞,-∞,-∞,-∞,-∞,-∞,-∞,-∞,-∞,-∞,-∞,-∞,-∞,-∞,-∞,-∞,-∞,-∞,-∞,-∞,-∞,-∞,-∞,-∞,-∞,-∞,-∞,-∞,-∞,-∞,-∞,-∞,-∞,-∞,-∞,-∞,-∞,-∞,-∞,-∞,-∞,-∞,-∞,-∞,-∞,-∞,-∞,-∞,-∞,-∞,-∞,-∞,-∞,-∞,-∞,-∞,-∞,-∞,-∞,-∞,-∞,-∞,-∞,-∞,-∞,-∞,-∞,-∞,-∞,-∞,-∞,-∞,-∞,-∞,-∞,-∞,-∞,-∞
-∞,-∞,-∞,-∞,-∞,-∞,-∞,-∞,-∞,-∞,-∞,-∞,-∞,-∞,-∞,-∞,-∞,-∞,-∞,-∞,-∞,-∞,-∞,-∞,-∞,-∞,-∞,-∞,-∞,-∞,-∞,-∞,-∞,-∞,-∞,-∞,-∞,-∞,-∞,-∞,-∞,-∞,-∞,-∞,-∞,-∞,-∞,-∞,-∞,-∞,-∞,-∞,-∞,-∞,-∞,-∞,-∞,-∞,-∞,-∞,-∞,-∞,-∞,-∞,-∞,-∞,-∞,-∞,-∞,-∞,-∞,-∞,-∞,-∞,-∞,-∞,-∞,-∞,-∞,-∞,-∞,-∞,-∞,-∞,-∞,-∞,-∞,-∞,-∞,-∞,-∞,-∞,-∞,-∞,-∞,-∞,-∞,-∞,-∞,-∞,-∞,-∞,-∞,-∞,-∞,-∞,-∞,-∞,-∞,-∞,-∞,-∞,-∞,-∞,-∞,-∞,-∞,-∞,-∞,-∞,-∞,-∞,-∞,-∞,-∞,-∞,-∞,-∞,-∞,-∞,-∞,-∞,-∞,-∞,-∞,-∞,-∞,-∞,-∞,-∞,-∞,-∞,-∞,-∞,-∞,-∞,-∞,-∞,-∞,-∞,-∞,-∞,-∞,-∞,-∞,-∞,-∞,-∞,-∞,-∞,-∞,-∞,-∞,-∞,-∞,-∞,-∞,-∞,-∞,-∞,-∞,-∞,-∞,-∞,-∞,-∞,-∞,-∞,-∞,-∞,-∞,-∞,-∞,-∞,-∞,-∞,-∞,-∞,-∞,-∞,-∞,-∞,-∞,-∞,-∞,-∞,-∞,-∞,-∞,-∞,-∞,-∞,-∞,-∞,-∞,-∞,-∞,-∞,-∞,-∞,-∞,-∞,-∞,-∞,-∞,-∞,-∞,-∞,-∞,-∞,-∞,-∞,-∞,-∞,-∞,-∞,-∞,-∞,-∞,-∞,-∞,-∞,-∞,-∞,-∞,-∞,-∞,-∞,-∞,-∞,-∞,-∞,-∞,-∞,-∞,-∞,-∞,-∞,-∞,-∞,-∞,-∞,-∞,-∞,-∞,-∞,-∞,-∞,-∞,-∞,-∞,-∞,-∞,-∞,-∞,-∞,-∞,-∞,-∞,-∞,-∞,-∞,-∞,-∞,-∞,-∞,-∞,-∞,-∞,-∞,-∞,-∞,-∞,-∞,-∞,-∞,-∞,-∞,-∞,-∞,-∞,-∞,-∞,-∞,-∞,-∞,-∞,-∞,-∞,-∞,-∞,-∞,-∞,-∞,-∞,-∞,-∞,-∞,-∞,-∞,-∞,-∞,-∞,-∞,-∞,-∞,-∞,-∞,-∞,-∞,-∞,-∞,-∞,-∞,-∞,-∞,-∞,-∞,-∞,-∞,-∞,-∞,-∞,-∞,-∞,-∞,-∞,-∞,-∞,-∞,-∞,-∞,-∞,-∞,-∞,-∞,-∞,-∞,-∞,-∞,-∞,-∞,-∞,-∞,-∞,-∞,-∞,-∞,-∞,-∞,-∞,-∞,-∞,-∞,-∞,-∞,-∞,-∞,-∞,-∞,-∞,-∞,-∞,-∞,-∞,-∞,-∞,-∞,-∞,-∞,-∞,-∞,-∞,-∞,-∞,-∞,-∞,-∞,-∞,-∞,-∞,-∞,-∞,-∞,-∞,-∞,-∞,-∞,-∞,-∞,-∞,-∞,-∞,-∞,-∞,-∞,-∞,-∞,-∞,-∞,-∞,-∞,-∞,-∞,-∞,-∞,-∞,-∞,-∞,-∞,-∞,-∞,-∞,-∞,-∞,-∞,-∞,-∞,-∞,-∞,-∞,-∞,-∞,-∞,-∞,-∞,-∞,-∞,-∞,-∞,-∞,-∞,-∞,-∞,-∞,-∞,-∞,-∞,-∞,-∞,-∞,-∞,-∞,-∞,-∞,-∞,-∞,-∞,-∞,-∞,-∞,-∞,-∞,-∞,-∞,-∞,-∞,-∞,-∞,-∞,-∞,-∞,-∞,-∞,-∞,-∞,-∞,-∞,-∞,-∞,-∞,-∞,-∞,-∞,-∞,-∞,-∞,-∞,-∞,-∞,-∞,-∞,-∞,-∞,-∞,-∞,-∞,-∞,-∞,-∞
-∞,-∞,-∞,-∞,-∞,-∞,-∞,-∞,-∞,-∞,-∞,-∞,-∞,-∞,-∞,-∞,-∞,-∞,-∞,-∞,-∞,-∞,-∞,-∞,-∞,-∞,-∞,-∞,-∞,-∞,-∞,-∞,-∞,-∞,-∞,-∞,-∞,-∞,-∞,-∞,-∞,-∞,-∞,-∞,-∞,-∞,-∞,-∞,-∞,-∞,-∞,-∞,-∞,-∞,-∞,-∞,-∞,-∞,-∞,-∞,-∞,-∞,-∞,-∞,-∞,-∞,-∞,-∞,-∞,-∞,-∞,-∞,-∞,-∞,-∞,-∞,-∞,-∞,-∞,-∞,-∞,-∞,-∞,-∞,-∞,-∞,-∞,-∞,-∞,-∞,-∞,-∞,-∞,-∞,-∞,-∞,-∞,-∞,-∞,-∞,-∞,-∞,-∞,-∞,-∞,-∞,-∞,-∞,-∞,-∞,-∞,-∞,-∞,-∞,-∞,-∞,-∞,-∞,-∞,-∞,-∞,-∞,-∞,-∞,-∞,-∞,-∞,-∞,-∞,-∞,-∞,-∞,-∞,-∞,-∞,-∞,-∞,-∞,-∞,-∞,-∞,-∞,-∞,-∞,-∞,-∞,-∞,-∞,-∞,-∞,-∞,-∞,-∞,-∞,-∞,-∞,-∞,-∞,-∞,-∞,-∞,-∞,-∞,-∞,-∞,-∞,-∞,-∞,-∞,-∞,-∞,-∞,-∞,-∞,-∞,-∞,-∞,-∞,-∞,-∞,-∞,-∞,-∞,-∞,-∞,-∞,-∞,-∞,-∞,-∞,-∞,-∞,-∞,-∞,-∞,-∞,-∞,-∞,-∞,-∞,-∞,-∞,-∞,-∞,-∞,-∞,-∞,-∞,-∞,-∞,-∞,-∞,-∞,-∞,-∞,-∞,-∞,-∞,-∞,-∞,-∞,-∞,-∞,-∞,-∞,-∞,-∞,-∞,-∞,-∞,-∞,-∞,-∞,-∞,-∞,-∞,-∞,-∞,-∞,-∞,-∞,-∞,-∞,-∞,-∞,-∞,-∞,-∞,-∞,-∞,-∞,-∞,-∞,-∞,-∞,-∞,-∞,-∞,-∞,-∞,-∞,-∞,-∞,-∞,-∞,-∞,-∞,-∞,-∞,-∞,-∞,-∞,-∞,-∞,-∞,-∞,-∞,-∞,-∞,-∞,-∞,-∞,-∞,-∞,-∞,-∞,-∞,-∞,-∞,-∞,-∞,-∞,-∞,-∞,-∞,-∞,-∞,-∞,-∞,-∞,-∞,-∞,-∞,-∞,-∞,-∞,-∞,-∞,-∞,-∞,-∞,-∞,-∞,-∞,-∞,-∞,-∞,-∞,-∞,-∞,-∞,-∞,-∞,-∞,-∞,-∞,-∞,-∞,-∞,-∞,-∞,-∞,-∞,-∞,-∞,-∞,-∞,-∞,-∞,-∞,-∞,-∞,-∞,-∞,-∞,-∞,-∞,-∞,-∞,-∞,-∞,-∞,-∞,-∞,-∞,-∞,-∞,-∞,-∞,-∞,-∞,-∞,-∞,-∞,-∞,-∞,-∞,-∞,-∞,-∞,-∞,-∞,-∞,-∞,-∞,-∞,-∞,-∞,-∞,-∞,-∞,-∞,-∞,-∞,-∞,-∞,-∞,-∞,-∞,-∞,-∞,-∞,-∞,-∞,-∞,-∞,-∞,-∞,-∞,-∞,-∞,-∞,-∞,-∞,-∞,-∞,-∞,-∞,-∞,-∞,-∞,-∞,-∞,-∞,-∞,-∞,-∞,-∞,-∞,-∞,-∞,-∞,-∞,-∞,-∞,-∞,-∞,-∞,-∞,-∞,-∞,-∞,-∞,-∞,-∞,-∞,-∞,-∞,-∞,-∞,-∞,-∞,-∞,-∞,-∞,-∞,-∞,-∞,-∞,-∞,-∞,-∞,-∞,-∞,-∞,-∞,-∞,-∞,-∞,-∞,-∞,-∞,-∞,-∞,-∞,-∞,-∞,-∞,-∞,-∞,-∞,-∞,-∞,-∞,-∞,-∞,-∞,-∞,-∞,-∞,-∞,-∞,-∞,-∞,-∞,-∞,-∞,-∞,-∞,-∞,-∞,-∞,-∞,-∞,-∞,-∞,-∞,-∞,-∞,-∞
0,0,0,0,-∞,-∞,-∞,-∞,-∞,-∞,-∞,-∞,-∞,-∞,-∞,-∞,-∞,-∞,-∞,-∞,-∞,-∞,-∞,-∞,-∞,-∞,-∞,-∞,-∞,-∞,-∞,-∞,-∞,-∞,-∞,-∞,-∞,-∞,-∞,-∞,-∞,-∞,-∞,-∞,-∞,-∞,-∞,-∞,-∞,-∞,-∞,-∞,-∞,-∞,-∞,-∞,-∞,-∞,-∞,-∞,-∞,-∞,-∞,-∞,-∞,-∞,-∞,-∞,-∞,-∞,-∞,-∞,-∞,-∞,-∞,-∞,-∞,-∞,-∞,-∞,-∞,-∞,-∞,-∞,-∞,-∞,-∞,-∞,-∞,-∞,-∞,-∞,-∞,-∞,-∞,-∞,-∞,-∞,-∞,-∞,-∞,-∞,-∞,-∞,-∞,-∞,-∞,-∞,-∞,-∞,-∞,-∞,-∞,-∞,-∞,-∞,-∞,-∞,-∞,-∞,-∞,-∞,-∞,-∞,-∞,-∞,-∞,-∞,-∞,-∞,-∞,-∞,-∞,-∞,-∞,-∞,-∞,-∞,-∞,-∞,-∞,-∞,-∞,-∞,-∞,-∞,-∞,-∞,-∞,-∞,-∞,-∞,-∞,-∞,-∞,-∞,-∞,-∞,-∞,-∞,-∞,-∞,-∞,-∞,-∞,-∞,-∞,-∞,-∞,-∞,-∞,-∞,-∞,-∞,-∞,-∞,-∞,-∞,-∞,-∞,-∞,-∞,-∞,-∞,-∞,-∞,-∞,-∞,-∞,-∞,-∞,-∞,-∞,-∞,-∞,-∞,-∞,-∞,-∞,-∞,-∞,-∞,-∞,-∞,-∞,-∞,-∞,-∞,-∞,-∞,-∞,-∞,-∞,-∞,-∞,-∞,-∞,-∞,-∞,-∞,-∞,-∞,-∞,-∞,-∞,-∞,-∞,-∞,-∞,-∞,-∞,-∞,-∞,-∞,-∞,-∞,-∞,-∞,-∞,-∞,-∞,-∞,-∞,-∞,-∞,-∞,-∞,-∞,-∞,-∞,-∞,-∞,-∞,-∞,-∞,-∞,-∞,-∞,-∞,-∞,-∞,-∞,-∞,-∞,-∞,-∞,-∞,-∞,-∞,-∞,-∞,-∞,-∞,-∞,-∞,-∞,-∞,-∞,-∞,-∞,-∞,-∞,-∞,-∞,-∞,-∞,-∞,-∞,-∞,-∞,-∞,-∞,-∞,-∞,-∞,-∞,-∞,-∞,-∞,-∞,-∞,-∞,-∞,-∞,-∞,-∞,-∞,-∞,-∞,-∞,-∞,-∞,-∞,-∞,-∞,-∞,-∞,-∞,-∞,-∞,-∞,-∞,-∞,-∞,-∞,-∞,-∞,-∞,-∞,-∞,-∞,-∞,-∞,-∞,-∞,-∞,-∞,-∞,-∞,-∞,-∞,-∞,-∞,-∞,-∞,-∞,-∞,-∞,-∞,-∞,-∞,-∞,-∞,-∞,-∞,-∞,-∞,-∞,-∞,-∞,-∞,-∞,-∞,-∞,-∞,-∞,-∞,-∞,-∞,-∞,-∞,-∞,-∞,-∞,-∞,-∞,-∞,-∞,-∞,-∞,-∞,-∞,-∞,-∞,-∞,-∞,-∞,-∞,-∞,-∞,-∞,-∞,-∞,-∞,-∞,-∞,-∞,-∞,-∞,-∞,-∞,-∞,-∞,-∞,-∞,-∞,-∞,-∞,-∞,-∞,-∞,-∞,-∞,-∞,-∞,-∞,-∞,-∞,-∞,-∞,-∞,-∞,-∞,-∞,-∞,-∞,-∞,-∞,-∞,-∞,-∞,-∞,-∞,-∞,-∞,-∞,-∞,-∞,-∞,-∞,-∞,-∞,-∞,-∞,-∞,-∞,-∞,-∞,-∞,-∞,-∞,-∞,-∞,-∞,-∞,-∞,-∞,-∞,-∞,-∞,-∞,-∞,-∞,-∞,-∞,-∞,-∞,-∞,-∞,-∞,-∞,-∞,-∞,-∞,-∞,-∞,-∞,-∞,-∞,-∞,-∞,-∞,-∞,-∞,-∞,-∞,-∞,-∞,-∞,-∞,-∞,-∞,-∞,-∞,-∞,-∞,-∞,-∞,-∞,-∞
-∞,-∞,-∞,-∞,-∞,-∞,-∞,-∞,-∞,-∞,-∞,-∞,-∞,-∞,-∞,-∞,-∞,-∞,-∞,-∞,-∞,-∞,-∞,-∞,-∞,-∞,-∞,-∞,-∞,-∞,-∞,-∞,-∞,-∞,-∞,-∞,-∞,-∞,-∞,-∞,-∞,-∞,-∞,-∞,-∞,-∞,-∞,-∞,-∞,-∞,-∞,-∞,-∞,-∞,-∞,-∞,-∞,-∞,-∞,-∞,-∞,-∞,-∞,-∞,-∞,-∞,-∞,-∞,-∞,-∞,-∞,-∞,-∞,-∞,-∞,-∞,-∞,-∞,-∞,-∞,-∞,-∞,-∞,-∞,-∞,-∞,-∞,-∞,-∞,-∞,-∞,-∞,-∞,-∞,-∞,-∞,-∞,-∞,-∞,-∞,-∞,-∞,-∞,-∞,-∞,-∞,-∞,-∞,-∞,-∞,-∞,-∞,-∞,-∞,-∞,-∞,-∞,-∞,-∞,-∞,-∞,-∞,-∞,-∞,-∞,-∞,-∞,-∞,-∞,-∞,-∞,-∞,-∞,-∞,-∞,-∞,-∞,-∞,-∞,-∞,-∞,-∞,-∞,-∞,-∞,-∞,-∞,-∞,-∞,-∞,-∞,-∞,-∞,-∞,-∞,-∞,-∞,-∞,-∞,-∞,-∞,-∞,-∞,-∞,-∞,-∞,-∞,-∞,-∞,-∞,-∞,-∞,-∞,-∞,-∞,-∞,-∞,-∞,-∞,-∞,-∞,-∞,-∞,-∞,-∞,-∞,-∞,-∞,-∞,-∞,-∞,-∞,-∞,-∞,-∞,-∞,-∞,-∞,-∞,-∞,-∞,-∞,-∞,-∞,-∞,-∞,-∞,-∞,-∞,-∞,-∞,-∞,-∞,-∞,-∞,-∞,-∞,-∞,-∞,-∞,-∞,-∞,-∞,-∞,-∞,-∞,-∞,-∞,-∞,-∞,-∞,-∞,-∞,-∞,-∞,-∞,-∞,-∞,-∞,-∞,-∞,-∞,-∞,-∞,-∞,-∞,-∞,-∞,-∞,-∞,-∞,-∞,-∞,-∞,-∞,-∞,-∞,-∞,-∞,-∞,-∞,-∞,-∞,-∞,-∞,-∞,-∞,-∞,-∞,-∞,-∞,-∞,-∞,-∞,-∞,-∞,-∞,-∞,-∞,-∞,-∞,-∞,-∞,-∞,-∞,-∞,-∞,-∞,-∞,-∞,-∞,-∞,-∞,-∞,-∞,-∞,-∞,-∞,-∞,-∞,-∞,-∞,-∞,-∞,-∞,-∞,-∞,-∞,-∞,-∞,-∞,-∞,-∞,-∞,-∞,-∞,-∞,-∞,-∞,-∞,-∞,-∞,-∞,-∞,-∞,-∞,-∞,-∞,-∞,-∞,-∞,-∞,-∞,-∞,-∞,-∞,-∞,-∞,-∞,-∞,-∞,-∞,-∞,-∞,-∞,-∞,-∞,-∞,-∞,-∞,-∞,-∞,-∞,-∞,-∞,-∞,-∞,-∞,-∞,-∞,-∞,-∞,-∞,-∞,-∞,-∞,-∞,-∞,-∞,-∞,-∞,-∞,-∞,-∞,-∞,-∞,-∞,-∞,-∞,-∞,-∞,-∞,-∞,-∞,-∞,-∞,-∞,-∞,-∞,-∞,-∞,-∞,-∞,-∞,-∞,-∞,-∞,-∞,-∞,-∞,-∞,-∞,-∞,-∞,-∞,-∞,-∞,-∞,-∞,-∞,-∞,-∞,-∞,-∞,-∞,-∞,-∞,-∞,-∞,-∞,-∞,-∞,-∞,-∞,-∞,-∞,-∞,-∞,-∞,-∞,-∞,-∞,-∞,-∞,-∞,-∞,-∞,-∞,-∞,-∞,-∞,-∞,-∞,-∞,-∞,-∞,-∞,-∞,-∞,-∞,-∞,-∞,-∞,-∞,-∞,-∞,-∞,-∞,-∞,-∞,-∞,-∞,-∞,-∞,-∞,-∞,-∞,-∞,-∞,-∞,-∞,-∞,-∞,-∞,-∞,-∞,-∞,-∞,-∞,-∞,-∞,-∞,-∞,-∞,-∞,-∞,-∞,-∞,-∞,-∞,-∞,-∞,-∞,-∞,-∞,-∞,-∞,-∞,-∞,-∞
0.6931471805599453,0.34657359027997264,-∞,-∞,-∞,-∞,-∞,-∞,-∞,-∞,-∞,-∞,-∞,-∞,-∞,-∞,-∞,-∞,-∞,-∞,-∞,-∞,-∞,-∞,-∞,-∞,-∞,-∞,-∞,-∞,-∞,-∞,-∞,-∞,-∞,-∞,-∞,-∞,-∞,-∞,-∞,-∞,-∞,-∞,-∞,-∞,-∞,-∞,-∞,-∞,-∞,-∞,-∞,-∞,-∞,-∞,-∞,-∞,-∞,-∞,-∞,-∞,-∞,-∞,-∞,-∞,-∞,-∞,-∞,-∞,-∞,-∞,-∞,-∞,-∞,-∞,-∞,-∞,-∞,-∞,-∞,-∞,-∞,-∞,-∞,-∞,-∞,-∞,-∞,-∞,-∞,-∞,-∞,-∞,-∞,-∞,-∞,-∞,-∞,-∞,-∞,-∞,-∞,-∞,-∞,-∞,-∞,-∞,-∞,-∞,-∞,-∞,-∞,-∞,-∞,-∞,-∞,-∞,-∞,-∞,-∞,-∞,-∞,-∞,-∞,-∞,-∞,-∞,-∞,-∞,-∞,-∞,-∞,-∞,-∞,-∞,-∞,-∞,-∞,-∞,-∞,-∞,-∞,-∞,-∞,-∞,-∞,-∞,-∞,-∞,-∞,-∞,-∞,-∞,-∞,-∞,-∞,-∞,-∞,-∞,-∞,-∞,-∞,-∞,-∞,-∞,-∞,-∞,-∞,-∞,-∞,-∞,-∞,-∞,-∞,-∞,-∞,-∞,-∞,-∞,-∞,-∞,-∞,-∞,-∞,-∞,-∞,-∞,-∞,-∞,-∞,-∞,-∞,-∞,-∞,-∞,-∞,-∞,-∞,-∞,-∞,-∞,-∞,-∞,-∞,-∞,-∞,-∞,-∞,-∞,-∞,-∞,-∞,-∞,-∞,-∞,-∞,-∞,-∞,-∞,-∞,-∞,-∞,-∞,-∞,-∞,-∞,-∞,-∞,-∞,-∞,-∞,-∞,-∞,-∞,-∞,-∞,-∞,-∞,-∞,-∞,-∞,-∞,-∞,-∞,-∞,-∞,-∞,-∞,-∞,-∞,-∞,-∞,-∞,-∞,-∞,-∞,-∞,-∞,-∞,-∞,-∞,-∞,-∞,-∞,-∞,-∞,-∞,-∞,-∞,-∞,-∞,-∞,-∞,-∞,-∞,-∞,-∞,-∞,-∞,-∞,-∞,-∞,-∞,-∞,-∞,-∞,-∞,-∞,-∞,-∞,-∞,-∞,-∞,-∞,-∞,-∞,-∞,-∞,-∞,-∞,-∞,-∞,-∞,-∞,-∞,-∞,-∞,-∞,-∞,-∞,-∞,-∞,-∞,-∞,-∞,-∞,-∞,-∞,-∞,-∞,-∞,-∞,-∞,-∞,-∞,-∞,-∞,-∞,-∞,-∞,-∞,-∞,-∞,-∞,-∞,-∞,-∞,-∞,-∞,-∞,-∞,-∞,-∞,-∞,-∞,-∞,-∞,-∞,-∞,-∞,-∞,-∞,-∞,-∞,-∞,-∞,-∞,-∞,-∞,-∞,-∞,-∞,-∞,-∞,-∞,-∞,-∞,-∞,-∞,-∞,-∞,-∞,-∞,-∞,-∞,-∞,-∞,-∞,-∞,-∞,-∞,-∞,-∞,-∞,-∞,-∞,-∞,-∞,-∞,-∞,-∞,-∞,-∞,-∞,-∞,-∞,-∞,-∞,-∞,-∞,-∞,-∞,-∞,-∞,-∞,-∞,-∞,-∞,-∞,-∞,-∞,-∞,-∞,-∞,-∞,-∞,-∞,-∞,-∞,-∞,-∞,-∞,-∞,-∞,-∞,-∞,-∞,-∞,-∞,-∞,-∞,-∞,-∞,-∞,-∞,-∞,-∞,-∞,-∞,-∞,-∞,-∞,-∞,-∞,-∞,-∞,-∞,-∞,-∞,-∞,-∞,-∞,-∞,-∞,-∞,-∞,-∞,-∞,-∞,-∞,-∞,-∞,-∞,-∞,-∞,-∞,-∞,-∞,-∞,-∞,-∞,-∞,-∞,-∞,-∞,-∞,-∞,-∞,-∞,-∞,-∞,-∞,-∞,-∞,-∞,-∞,-∞,-∞,-∞,-∞,-∞,-∞,-∞,-∞,-∞,-∞,-∞,-∞,-∞
0,0,-∞,-∞,-∞,-∞,-∞,-∞,-∞,-∞,-∞,-∞,-∞,-∞,-∞,-∞,-∞,-∞,-∞,-∞,-∞,-∞,-∞,-∞,-∞,-∞,-∞,-∞,-∞,-∞,-∞,-∞,-∞,-∞,-∞,-∞,-∞,-∞,-∞,-∞,-∞,-∞,-∞,-∞,-∞,-∞,-∞,-∞,-∞,-∞,-∞,-∞,-∞,-∞,-∞,-∞,-∞,-∞,-∞,-∞,-∞,-∞,-∞,-∞,-∞,-∞,-∞,-∞,-∞,-∞,-∞,-∞,-∞,-∞,-∞,-∞,-∞,-∞,-∞,-∞,-∞,-∞,-∞,-∞,-∞,-∞,-∞,-∞,-∞,-∞,-∞,-∞,-∞,-∞,-∞,-∞,-∞,-∞,-∞,-∞,-∞,-∞,-∞,-∞,-∞,-∞,-∞,-∞,-∞,-∞,-∞,-∞,-∞,-∞,-∞,-∞,-∞,-∞,-∞,-∞,-∞,-∞,-∞,-∞,-∞,-∞,-∞,-∞,-∞,-∞,-∞,-∞,-∞,-∞,-∞,-∞,-∞,-∞,-∞,-∞,-∞,-∞,-∞,-∞,-∞,-∞,-∞,-∞,-∞,-∞,-∞,-∞,-∞,-∞,-∞,-∞,-∞,-∞,-∞,-∞,-∞,-∞,-∞,-∞,-∞,-∞,-∞,-∞,-∞,-∞,-∞,-∞,-∞,-∞,-∞,-∞,-∞,-∞,-∞,-∞,-∞,-∞,-∞,-∞,-∞,-∞,-∞,-∞,-∞,-∞,-∞,-∞,-∞,-∞,-∞,-∞,-∞,-∞,-∞,-∞,-∞,-∞,-∞,-∞,-∞,-∞,-∞,-∞,-∞,-∞,-∞,-∞,-∞,-∞,-∞,-∞,-∞,-∞,-∞,-∞,-∞,-∞,-∞,-∞,-∞,-∞,-∞,-∞,-∞,-∞,-∞,-∞,-∞,-∞,-∞,-∞,-∞,-∞,-∞,-∞,-∞,-∞,-∞,-∞,-∞,-∞,-∞,-∞,-∞,-∞,-∞,-∞,-∞,-∞,-∞,-∞,-∞,-∞,-∞,-∞,-∞,-∞,-∞,-∞,-∞,-∞,-∞,-∞,-∞,-∞,-∞,-∞,-∞,-∞,-∞,-∞,-∞,-∞,-∞,-∞,-∞,-∞,-∞,-∞,-∞,-∞,-∞,-∞,-∞,-∞,-∞,-∞,-∞,-∞,-∞,-∞,-∞,-∞,-∞,-∞,-∞,-∞,-∞,-∞,-∞,-∞,-∞,-∞,-∞,-∞,-∞,-∞,-∞,-∞,-∞,-∞,-∞,-∞,-∞,-∞,-∞,-∞,-∞,-∞,-∞,-∞,-∞,-∞,-∞,-∞,-∞,-∞,-∞,-∞,-∞,-∞,-∞,-∞,-∞,-∞,-∞,-∞,-∞,-∞,-∞,-∞,-∞,-∞,-∞,-∞,-∞,-∞,-∞,-∞,-∞,-∞,-∞,-∞,-∞,-∞,-∞,-∞,-∞,-∞,-∞,-∞,-∞,-∞,-∞,-∞,-∞,-∞,-∞,-∞,-∞,-∞,-∞,-∞,-∞,-∞,-∞,-∞,-∞,-∞,-∞,-∞,-∞,-∞,-∞,-∞,-∞,-∞,-∞,-∞,-∞,-∞,-∞,-∞,-∞,-∞,-∞,-∞,-∞,-∞,-∞,-∞,-∞,-∞,-∞,-∞,-∞,-∞,-∞,-∞,-∞,-∞,-∞,-∞,-∞,-∞,-∞,-∞,-∞,-∞,-∞,-∞,-∞,-∞,-∞,-∞,-∞,-∞,-∞,-∞,-∞,-∞,-∞,-∞,-∞,-∞,-∞,-∞,-∞,-∞,-∞,-∞,-∞,-∞,-∞,-∞,-∞,-∞,-∞,-∞,-∞,-∞,-∞,-∞,-∞,-∞,-∞,-∞,-∞,-∞,-∞,-∞,-∞,-∞,-∞,-∞,-∞,-∞,-∞,-∞,-∞,-∞,-∞,-∞,-∞,-∞,-∞,-∞,-∞,-∞,-∞,-∞,-∞,-∞,-∞,-∞,-∞,-∞,-∞,-∞,-∞,-∞,-∞,-∞,-∞,-∞
0,0,-∞,-∞,-∞,-∞,-∞,-∞,-∞,-∞,-∞,-∞,-∞,-∞,-∞,-∞,-∞,-∞,-∞,-∞,-∞,-∞,-∞,-∞,-∞,-∞,-∞,-∞,-∞,-∞,-∞,-∞,-∞,-∞,-∞,-∞,-∞,-∞,-∞,-∞,-∞,-∞,-∞,-∞,-∞,-∞,-∞,-∞,-∞,-∞,-∞,-∞,-∞,-∞,-∞,-∞,-∞,-∞,-∞,-∞,-∞,-∞,-∞,-∞,-∞,-∞,-∞,-∞,-∞,-∞,-∞,-∞,-∞,-∞,-∞,-∞,-∞,-∞,-∞,-∞,-∞,-∞,-∞,-∞,-∞,-∞,-∞,-∞,-∞,-∞,-∞,-∞,-∞,-∞,-∞,-∞,-∞,-∞,-∞,-∞,-∞,-∞,-∞,-∞,-∞,-∞,-∞,-∞,-∞,-∞,-∞,-∞,-∞,-∞,-∞,-∞,-∞,-∞,-∞,-∞,-∞,-∞,-∞,-∞,-∞,-∞,-∞,-∞,-∞,-∞,-∞,-∞,-∞,-∞,-∞,-∞,-∞,-∞,-∞,-∞,-∞,-∞,-∞,-∞,-∞,-∞,-∞,-∞,-∞,-∞,-∞,-∞,-∞,-∞,-∞,-∞,-∞,-∞,-∞,-∞,-∞,-∞,-∞,-∞,-∞,-∞,-∞,-∞,-∞,-∞,-∞,-∞,-∞,-∞,-∞,-∞,-∞,-∞,-∞,-∞,-∞,-∞,-∞,-∞,-∞,-∞,-∞,-∞,-∞,-∞,-∞,-∞,-∞,-∞,-∞,-∞,-∞,-∞,-∞,-∞,-∞,-∞,-∞,-∞,-∞,-∞,-∞,-∞,-∞,-∞,-∞,-∞,-∞,-∞,-∞,-∞,-∞,-∞,-∞,-∞,-∞,-∞,-∞,-∞,-∞,-∞,-∞,-∞,-∞,-∞,-∞,-∞,-∞,-∞,-∞,-∞,-∞,-∞,-∞,-∞,-∞,-∞,-∞,-∞,-∞,-∞,-∞,-∞,-∞,-∞,-∞,-∞,-∞,-∞,-∞,-∞,-∞,-∞,-∞,-∞,-∞,-∞,-∞,-∞,-∞,-∞,-∞,-∞,-∞,-∞,-∞,-∞,-∞,-∞,-∞,-∞,-∞,-∞,-∞,-∞,-∞,-∞,-∞,-∞,-∞,-∞,-∞,-∞,-∞,-∞,-∞,-∞,-∞,-∞,-∞,-∞,-∞,-∞,-∞,-∞,-∞,-∞,-∞,-∞,-∞,-∞,-∞,-∞,-∞,-∞,-∞,-∞,-∞,-∞,-∞,-∞,-∞,-∞,-∞,-∞,-∞,-∞,-∞,-∞,-∞,-∞,-∞,-∞,-∞,-∞,-∞,-∞,-∞,-∞,-∞,-∞,-∞,-∞,-∞,-∞,-∞,-∞,-∞,-∞,-∞,-∞,-∞,-∞,-∞,-∞,-∞,-∞,-∞,-∞,-∞,-∞,-∞,-∞,-∞,-∞,-∞,-∞,-∞,-∞,-∞,-∞,-∞,-∞,-∞,-∞,-∞,-∞,-∞,-∞,-∞,-∞,-∞,-∞,-∞,-∞,-∞,-∞,-∞,-∞,-∞,-∞,-∞,-∞,-∞,-∞,-∞,-∞,-∞,-∞,-∞,-∞,-∞,-∞,-∞,-∞,-∞,-∞,-∞,-∞,-∞,-∞,-∞,-∞,-∞,-∞,-∞,-∞,-∞,-∞,-∞,-∞,-∞,-∞,-∞,-∞,-∞,-∞,-∞,-∞,-∞,-∞,-∞,-∞,-∞,-∞,-∞,-∞,-∞,-∞,-∞,-∞,-∞,-∞,-∞,-∞,-∞,-∞,-∞,-∞,-∞,-∞,-∞,-∞,-∞,-∞,-∞,-∞,-∞,-∞,-∞,-∞,-∞,-∞,-∞,-∞,-∞,-∞,-∞,-∞,-∞,-∞,-∞,-∞,-∞,-∞,-∞,-∞,-∞,-∞,-∞,-∞,-∞,-∞,-∞,-∞,-∞,-∞,-∞,-∞,-∞,-∞,-∞,-∞,-∞,-∞,-∞,-∞,-∞,-∞,-∞,-∞,-∞,-∞,-∞,-∞
0,0,0,0,-∞,-∞,-∞,-∞,-∞,-∞,-∞,-∞,-∞,-∞,-∞,-∞,-∞,-∞,-∞,-∞,-∞,-∞,-∞,-∞,-∞,-∞,-∞,-∞,-∞,-∞,-∞,-∞,-∞,-∞,-∞,-∞,-∞,-∞,-∞,-∞,-∞,-∞,-∞,-∞,-∞,-∞,-∞,-∞,-∞,-∞,-∞,-∞,-∞,-∞,-∞,-∞,-∞,-∞,-∞,-∞,-∞,-∞,-∞,-∞,-∞,-∞,-∞,-∞,-∞,-∞,-∞,-∞,-∞,-∞,-∞,-∞,-∞,-∞,-∞,-∞,-∞,-∞,-∞,-∞,-∞,-∞,-∞,-∞,-∞,-∞,-∞,-∞,-∞,-∞,-∞,-∞,-∞,-∞,-∞,-∞,-∞,-∞,-∞,-∞,-∞,-∞,-∞,-∞,-∞,-∞,-∞,-∞,-∞,-∞,-∞,-∞,-∞,-∞,-∞,-∞,-∞,-∞,-∞,-∞,-∞,-∞,-∞,-∞,-∞,-∞,-∞,-∞,-∞,-∞,-∞,-∞,-∞,-∞,-∞,-∞,-∞,-∞,-∞,-∞,-∞,-∞,-∞,-∞,-∞,-∞,-∞,-∞,-∞,-∞,-∞,-∞,-∞,-∞,-∞,-∞,-∞,-∞,-∞,-∞,-∞,-∞,-∞,-∞,-∞,-∞,-∞,-∞,-∞,-∞,-∞,-∞,-∞,-∞,-∞,-∞,-∞,-∞,-∞,-∞,-∞,-∞,-∞,-∞,-∞,-∞,-∞,-∞,-∞,-∞,-∞,-∞,-∞,-∞,-∞,-∞,-∞,-∞,-∞,-∞,-∞,-∞,-∞,-∞,-∞,-∞,-∞,-∞,-∞,-∞,-∞,-∞,-∞,-∞,-∞,-∞,-∞,-∞,-∞,-∞,-∞,-∞,-∞,-∞,-∞,-∞,-∞,-∞,-∞,-∞,-∞,-∞,-∞,-∞,-∞,-∞,-∞,-∞,-∞,-∞,-∞,-∞,-∞,-∞,-∞,-∞,-∞,-∞,-∞,-∞,-∞,-∞,-∞,-∞,-∞,-∞,-∞,-∞,-∞,-∞,-∞,-∞,-∞,-∞,-∞,-∞,-∞,-∞,-∞,-∞,-∞,-∞,-∞,-∞,-∞,-∞,-∞,-∞,-∞,-∞,-∞,-∞,-∞,-∞,-∞,-∞,-∞,-∞,-∞,-∞,-∞,-∞,-∞,-∞,-∞,-∞,-∞,-∞,-∞,-∞,-∞,-∞,-∞,-∞,-∞,-∞,-∞,-∞,-∞,-∞,-∞,-∞,-∞,-∞,-∞,-∞,-∞,-∞,-∞,-∞,-∞,-∞,-∞,-∞,-∞,-∞,-∞,-∞,-∞,-∞,-∞,-∞,-∞,-∞,-∞,-∞,-∞,-∞,-∞,-∞,-∞,-∞,-∞,-∞,-∞,-∞,-∞,-∞,-∞,-∞,-∞,-∞,-∞,-∞,-∞,-∞,-∞,-∞,-∞,-∞,-∞,-∞,-∞,-∞,-∞,-∞,-∞,-∞,-∞,-∞,-∞,-∞,-∞,-∞,-∞,-∞,-∞,-∞,-∞,-∞,-∞,-∞,-∞,-∞,-∞,-∞,-∞,-∞,-∞,-∞,-∞,-∞,-∞,-∞,-∞,-∞,-∞,-∞,-∞,-∞,-∞,-∞,-∞,-∞,-∞,-∞,-∞,-∞,-∞,-∞,-∞,-∞,-∞,-∞,-∞,-∞,-∞,-∞,-∞,-∞,-∞,-∞,-∞,-∞,-∞,-∞,-∞,-∞,-∞,-∞,-∞,-∞,-∞,-∞,-∞,-∞,-∞,-∞,-∞,-∞,-∞,-∞,-∞,-∞,-∞,-∞,-∞,-∞,-∞,-∞,-∞,-∞,-∞,-∞,-∞,-∞,-∞,-∞,-∞,-∞,-∞,-∞,-∞,-∞,-∞,-∞,-∞,-∞,-∞,-∞,-∞,-∞,-∞,-∞,-∞,-∞,-∞,-∞,-∞,-∞,-∞,-∞,-∞,-∞,-∞,-∞,-∞,-∞,-∞,-∞,-∞,-∞,-∞,-∞,-∞,-∞
-∞,-∞,-∞,-∞,-∞,-∞,-∞,-∞,-∞,-∞,-∞,-∞,-∞,-∞,-∞,-∞,-∞,-∞,-∞,-∞,-∞,-∞,-∞,-∞,-∞,-∞,-∞,-∞,-∞,-∞,-∞,-∞,-∞,-∞,-∞,-∞,-∞,-∞,-∞,-∞,-∞,-∞,-∞,-∞,-∞,-∞,-∞,-∞,-∞,-∞,-∞,-∞,-∞,-∞,-∞,-∞,-∞,-∞,-∞,-∞,-∞,-∞,-∞,-∞,-∞,-∞,-∞,-∞,-∞,-∞,-∞,-∞,-∞,-∞,-∞,-∞,-∞,-∞,-∞,-∞,-∞,-∞,-∞,-∞,-∞,-∞,-∞,-∞,-∞,-∞,-∞,-∞,-∞,-∞,-∞,-∞,-∞,-∞,-∞,-∞,-∞,-∞,-∞,-∞,-∞,-∞,-∞,-∞,-∞,-∞,-∞,-∞,-∞,-∞,-∞,-∞,-∞,-∞,-∞,-∞,-∞,-∞,-∞,-∞,-∞,-∞,-∞,-∞,-∞,-∞,-∞,-∞,-∞,-∞,-∞,-∞,-∞,-∞,-∞,-∞,-∞,-∞,-∞,-∞,-∞,-∞,-∞,-∞,-∞,-∞,-∞,-∞,-∞,-∞,-∞,-∞,-∞,-∞,-∞,-∞,-∞,-∞,-∞,-∞,-∞,-∞,-∞,-∞,-∞,-∞,-∞,-∞,-∞,-∞,-∞,-∞,-∞,-∞,-∞,-∞,-∞,-∞,-∞,-∞,-∞,-∞,-∞,-∞,-∞,-∞,-∞,-∞,-∞,-∞,-∞,-∞,-∞,-∞,-∞,-∞,-∞,-∞,-∞,-∞,-∞,-∞,-∞,-∞,-∞,-∞,-∞,-∞,-∞,-∞,-∞,-∞,-∞,-∞,-∞,-∞,-∞,-∞,-∞,-∞,-∞,-∞,-∞,-∞,-∞,-∞,-∞,-∞,-∞,-∞,-∞,-∞,-∞,-∞,-∞,-∞,-∞,-∞,-∞,-∞,-∞,-∞,-∞,-∞,-∞,-∞,-∞,-∞,-∞,-∞,-∞,-∞,-∞,-∞,-∞,-∞,-∞,-∞,-∞,-∞,-∞,-∞,-∞,-∞,-∞,-∞,-∞,-∞,-∞,-∞,-∞,-∞,-∞,-∞,-∞,-∞,-∞,-∞,-∞,-∞,-∞,-∞,-∞,-∞,-∞,-∞,-∞,-∞,-∞,-∞,-∞,-∞,-∞,-∞,-∞,-∞,-∞,-∞,-∞,-∞,-∞,-∞,-∞,-∞,-∞,-∞,-∞,-∞,-∞,-∞,-∞,-∞,-∞,-∞,-∞,-∞,-∞,-∞,-∞,-∞,-∞,-∞,-∞,-∞,-∞,-∞,-∞,-∞,-∞,-∞,-∞,-∞,-∞,-∞,-∞,-∞,-∞,-∞,-∞,-∞,-∞,-∞,-∞,-∞,-∞,-∞,-∞,-∞,-∞,-∞,-∞,-∞,-∞,-∞,-∞,-∞,-∞,-∞,-∞,-∞,-∞,-∞,-∞,-∞,-∞,-∞,-∞,-∞,-∞,-∞,-∞,-∞,-∞,-∞,-∞,-∞,-∞,-∞,-∞,-∞,-∞,-∞,-∞,-∞,-∞,-∞,-∞,-∞,-∞,-∞,-∞,-∞,-∞,-∞,-∞,-∞,-∞,-∞,-∞,-∞,-∞,-∞,-∞,-∞,-∞,-∞,-∞,-∞,-∞,-∞,-∞,-∞,-∞,-∞,-∞,-∞,-∞,-∞,-∞,-∞,-∞,-∞,-∞,-∞,-∞,-∞,-∞,-∞,-∞,-∞,-∞,-∞,-∞,-∞,-∞,-∞,-∞,-∞,-∞,-∞,-∞,-∞,-∞,-∞,-∞,-∞,-∞,-∞,-∞,-∞,-∞,-∞,-∞,-∞,-∞,-∞,-∞,-∞,-∞,-∞,-∞,-∞,-∞,-∞,-∞,-∞,-∞,-∞,-∞,-∞,-∞,-∞,-∞,-∞,-∞,-∞,-∞,-∞,-∞,-∞,-∞,-∞,-∞,-∞,-∞,-∞,-∞,-∞,-∞,-∞,-∞,-∞,-∞,-∞,-∞,-∞
-∞,-∞,-∞,-∞,-∞,-∞,-∞,-∞,-∞,-∞,-∞,-∞,-∞,-∞,-∞,-∞,-∞,-∞,-∞,-∞,-∞,-∞,-∞,-∞,-∞,-∞,-∞,-∞,-∞,-∞,-∞,-∞,-∞,-∞,-∞,-∞,-∞,-∞,-∞,-∞,-∞,-∞,-∞,-∞,-∞,-∞,-∞,-∞,-∞,-∞,-∞,-∞,-∞,-∞,-∞,-∞,-∞,-∞,-∞,-∞,-∞,-∞,-∞,-∞,-∞,-∞,-∞,-∞,-∞,-∞,-∞,-∞,-∞,-∞,-∞,-∞,-∞,-∞,-∞,-∞,-∞,-∞,-∞,-∞,-∞,-∞,-∞,-∞,-∞,-∞,-∞,-∞,-∞,-∞,-∞,-∞,-∞,-∞,-∞,-∞,-∞,-∞,-∞,-∞,-∞,-∞,-∞,-∞,-∞,-∞,-∞,-∞,-∞,-∞,-∞,-∞,-∞,-∞,-∞,-∞,-∞,-∞,-∞,-∞,-∞,-∞,-∞,-∞,-∞,-∞,-∞,-∞,-∞,-∞,-∞,-∞,-∞,-∞,-∞,-∞,-∞,-∞,-∞,-∞,-∞,-∞,-∞,-∞,-∞,-∞,-∞,-∞,-∞,-∞,-∞,-∞,-∞,-∞,-∞,-∞,-∞,-∞,-∞,-∞,-∞,-∞,-∞,-∞,-∞,-∞,-∞,-∞,-∞,-∞,-∞,-∞,-∞,-∞,-∞,-∞,-∞,-∞,-∞,-∞,-∞,-∞,-∞,-∞,-∞,-∞,-∞,-∞,-∞,-∞,-∞,-∞,-∞,-∞,-∞,-∞,-∞,-∞,-∞,-∞,-∞,-∞,-∞,-∞,-∞,-∞,-∞,-∞,-∞,-∞,-∞,-∞,-∞,-∞,-∞,-∞,-∞,-∞,-∞,-∞,-∞,-∞,-∞,-∞,-∞,-∞,-∞,-∞,-∞,-∞,-∞,-∞,-∞,-∞,-∞,-∞,-∞,-∞,-∞,-∞,-∞,-∞,-∞,-∞,-∞,-∞,-∞,-∞,-∞,-∞,-∞,-∞,-∞,-∞,-∞,-∞,-∞,-∞,-∞,-∞,-∞,-∞,-∞,-∞,-∞,-∞,-∞,-∞,-∞,-∞,-∞,-∞,-∞,-∞,-∞,-∞,-∞,-∞,-∞,-∞,-∞,-∞,-∞,-∞,-∞,-∞,-∞,-∞,-∞,-∞,-∞,-∞,-∞,-∞,-∞,-∞,-∞,-∞,-∞,-∞,-∞,-∞,-∞,-∞,-∞,-∞,-∞,-∞,-∞,-∞,-∞,-∞,-∞,-∞,-∞,-∞,-∞,-∞,-∞,-∞,-∞,-∞,-∞,-∞,-∞,-∞,-∞,-∞,-∞,-∞,-∞,-∞,-∞,-∞,-∞,-∞,-∞,-∞,-∞,-∞,-∞,-∞,-∞,-∞,-∞,-∞,-∞,-∞,-∞,-∞,-∞,-∞,-∞,-∞,-∞,-∞,-∞,-∞,-∞,-∞,-∞,-∞,-∞,-∞,-∞,-∞,-∞,-∞,-∞,-∞,-∞,-∞,-∞,-∞,-∞,-∞,-∞,-∞,-∞,-∞,-∞,-∞,-∞,-∞,-∞,-∞,-∞,-∞,-∞,-∞,-∞,-∞,-∞,-∞,-∞,-∞,-∞,-∞,-∞,-∞,-∞,-∞,-∞,-∞,-∞,-∞,-∞,-∞,-∞,-∞,-∞,-∞,-∞,-∞,-∞,-∞,-∞,-∞,-∞,-∞,-∞,-∞,-∞,-∞,-∞,-∞,-∞,-∞,-∞,-∞,-∞,-∞,-∞,-∞,-∞,-∞,-∞,-∞,-∞,-∞,-∞,-∞,-∞,-∞,-∞,-∞,-∞,-∞,-∞,-∞,-∞,-∞,-∞,-∞,-∞,-∞,-∞,-∞,-∞,-∞,-∞,-∞,-∞,-∞,-∞,-∞,-∞,-∞,-∞,-∞,-∞,-∞,-∞,-∞,-∞,-∞,-∞,-∞,-∞,-∞,-∞,-∞,-∞,-∞,-∞,-∞,-∞,-∞,-∞,-∞,-∞,-∞,-∞,-∞,-∞,-∞
0,-∞,-∞,-∞,-∞,-∞,-∞,-∞,-∞,-∞,-∞,-∞,-∞,-∞,-∞,-∞,-∞,-∞,-∞,-∞,-∞,-∞,-∞,-∞,-∞,-∞,-∞,-∞,-∞,-∞,-∞,-∞,-∞,-∞,-∞,-∞,-∞,-∞,-∞,-∞,-∞,-∞,-∞,-∞,-∞,-∞,-∞,-∞,-∞,-∞,-∞,-∞,-∞,-∞,-∞,-∞,-∞,-∞,-∞,-∞,-∞,-∞,-∞,-∞,-∞,-∞,-∞,-∞,-∞,-∞,-∞,-∞,-∞,-∞,-∞,-∞,-∞,-∞,-∞,-∞,-∞,-∞,-∞,-∞,-∞,-∞,-∞,-∞,-∞,-∞,-∞,-∞,-∞,-∞,-∞,-∞,-∞,-∞,-∞,-∞,-∞,-∞,-∞,-∞,-∞,-∞,-∞,-∞,-∞,-∞,-∞,-∞,-∞,-∞,-∞,-∞,-∞,-∞,-∞,-∞,-∞,-∞,-∞,-∞,-∞,-∞,-∞,-∞,-∞,-∞,-∞,-∞,-∞,-∞,-∞,-∞,-∞,-∞,-∞,-∞,-∞,-∞,-∞,-∞,-∞,-∞,-∞,-∞,-∞,-∞,-∞,-∞,-∞,-∞,-∞,-∞,-∞,-∞,-∞,-∞,-∞,-∞,-∞,-∞,-∞,-∞,-∞,-∞,-∞,-∞,-∞,-∞,-∞,-∞,-∞,-∞,-∞,-∞,-∞,-∞,-∞,-∞,-∞,-∞,-∞,-∞,-∞,-∞,-∞,-∞,-∞,-∞,-∞,-∞,-∞,-∞,-∞,-∞,-∞,-∞,-∞,-∞,-∞,-∞,-∞,-∞,-∞,-∞,-∞,-∞,-∞,-∞,-∞,-∞,-∞,-∞,-∞,-∞,-∞,-∞,-∞,-∞,-∞,-∞,-∞,-∞,-∞,-∞,-∞,-∞,-∞,-∞,-∞,-∞,-∞,-∞,-∞,-∞,-∞,-∞,-∞,-∞,-∞,-∞,-∞,-∞,-∞,-∞,-∞,-∞,-∞,-∞,-∞,-∞,-∞,-∞,-∞,-∞,-∞,-∞,-∞,-∞,-∞,-∞,-∞,-∞,-∞,-∞,-∞,-∞,-∞,-∞,-∞,-∞,-∞,-∞,-∞,-∞,-∞,-∞,-∞,-∞,-∞,-∞,-∞,-∞,-∞,-∞,-∞,-∞,-∞,-∞,-∞,-∞,-∞,-∞,-∞,-∞,-∞,-∞,-∞,-∞,-∞,-∞,-∞,-∞,-∞,-∞,-∞,-∞,-∞,-∞,-∞,-∞,-∞,-∞,-∞,-∞,-∞,-∞,-∞,-∞,-∞,-∞,-∞,-∞,-∞,-∞,-∞,-∞,-∞,-∞,-∞,-∞,-∞,-∞,-∞,-∞,-∞,-∞,-∞,-∞,-∞,-∞,-∞,-∞,-∞,-∞,-∞,-∞,-∞,-∞,-∞,-∞,-∞,-∞,-∞,-∞,-∞,-∞,-∞,-∞,-∞,-∞,-∞,-∞,-∞,-∞,-∞,-∞,-∞,-∞,-∞,-∞,-∞,-∞,-∞,-∞,-∞,-∞,-∞,-∞,-∞,-∞,-∞,-∞,-∞,-∞,-∞,-∞,-∞,-∞,-∞,-∞,-∞,-∞,-∞,-∞,-∞,-∞,-∞,-∞,-∞,-∞,-∞,-∞,-∞,-∞,-∞,-∞,-∞,-∞,-∞,-∞,-∞,-∞,-∞,-∞,-∞,-∞,-∞,-∞,-∞,-∞,-∞,-∞,-∞,-∞,-∞,-∞,-∞,-∞,-∞,-∞,-∞,-∞,-∞,-∞,-∞,-∞,-∞,-∞,-∞,-∞,-∞,-∞,-∞,-∞,-∞,-∞,-∞,-∞,-∞,-∞,-∞,-∞,-∞,-∞,-∞,-∞,-∞,-∞,-∞,-∞,-∞,-∞,-∞,-∞,-∞,-∞,-∞,-∞,-∞,-∞,-∞,-∞,-∞,-∞,-∞,-∞,-∞,-∞,-∞,-∞,-∞,-∞,-∞,-∞,-∞,-∞,-∞,-∞,-∞,-∞,-∞,-∞,-∞,-∞,-∞,-∞
0,0,0,-∞,-∞,-∞,-∞,-∞,-∞,-∞,-∞,-∞,-∞,-∞,-∞,-∞,-∞,-∞,-∞,-∞,-∞,-∞,-∞,-∞,-∞,-∞,-∞,-∞,-∞,-∞,-∞,-∞,-∞,-∞,-∞,-∞,-∞,-∞,-∞,-∞,-∞,-∞,-∞,-∞,-∞,-∞,-∞,-∞,-∞,-∞,-∞,-∞,-∞,-∞,-∞,-∞,-∞,-∞,-∞,-∞,-∞,-∞,-∞,-∞,-∞,-∞,-∞,-∞,-∞,-∞,-∞,-∞,-∞,-∞,-∞,-∞,-∞,-∞,-∞,-∞,-∞,-∞,-∞,-∞,-∞,-∞,-∞,-∞,-∞,-∞,-∞,-∞,-∞,-∞,-∞,-∞,-∞,-∞,-∞,-∞,-∞,-∞,-∞,-∞,-∞,-∞,-∞,-∞,-∞,-∞,-∞,-∞,-∞,-∞,-∞,-∞,-∞,-∞,-∞,-∞,-∞,-∞,-∞,-∞,-∞,-∞,-∞,-∞,-∞,-∞,-∞,-∞,-∞,-∞,-∞,-∞,-∞,-∞,-∞,-∞,-∞,-∞,-∞,-∞,-∞,-∞,-∞,-∞,-∞,-∞,-∞,-∞,-∞,-∞,-∞,-∞,-∞,-∞,-∞,-∞,-∞,-∞,-∞,-∞,-∞,-∞,-∞,-∞,-∞,-∞,-∞,-∞,-∞,-∞,-∞,-∞,-∞,-∞,-∞,-∞,-∞,-∞,-∞,-∞,-∞,-∞,-∞,-∞,-∞,-∞,-∞,-∞,-∞,-∞,-∞,-∞,-∞,-∞,-∞,-∞,-∞,-∞,-∞,-∞,-∞,-∞,-∞,-∞,-∞,-∞,-∞,-∞,-∞,-∞,-∞,-∞,-∞,-∞,-∞,-∞,-∞,-∞,-∞,-∞,-∞,-∞,-∞,-∞,-∞,-∞,-∞,-∞,-∞,-∞,-∞,-∞,-∞,-∞,-∞,-∞,-∞,-∞,-∞,-∞,-∞,-∞,-∞,-∞,-∞,-∞,-∞,-∞,-∞,-∞,-∞,-∞,-∞,-∞,-∞,-∞,-∞,-∞,-∞,-∞,-∞,-∞,-∞,-∞,-∞,-∞,-∞,-∞,-∞,-∞,-∞,-∞,-∞,-∞,-∞,-∞,-∞,-∞,-∞,-∞,-∞,-∞,-∞,-∞,-∞,-∞,-∞,-∞,-∞,-∞,-∞,-∞,-∞,-∞,-∞,-∞,-∞,-∞,-∞,-∞,-∞,-∞,-∞,-∞,-∞,-∞,-∞,-∞,-∞,-∞,-∞,-∞,-∞,-∞,-∞,-∞,-∞,-∞,-∞,-∞,-∞,-∞,-∞,-∞,-∞,-∞,-∞,-∞,-∞,-∞,-∞,-∞,-∞,-∞,-∞,-∞,-∞,-∞,-∞,-∞,-∞,-∞,-∞,-∞,-∞,-∞,-∞,-∞,-∞,-∞,-∞,-∞,-∞,-∞,-∞,-∞,-∞,-∞,-∞,-∞,-∞,-∞,-∞,-∞,-∞,-∞,-∞,-∞,-∞,-∞,-∞,-∞,-∞,-∞,-∞,-∞,-∞,-∞,-∞,-∞,-∞,-∞,-∞,-∞,-∞,-∞,-∞,-∞,-∞,-∞,-∞,-∞,-∞,-∞,-∞,-∞,-∞,-∞,-∞,-∞,-∞,-∞,-∞,-∞,-∞,-∞,-∞,-∞,-∞,-∞,-∞,-∞,-∞,-∞,-∞,-∞,-∞,-∞,-∞,-∞,-∞,-∞,-∞,-∞,-∞,-∞,-∞,-∞,-∞,-∞,-∞,-∞,-∞,-∞,-∞,-∞,-∞,-∞,-∞,-∞,-∞,-∞,-∞,-∞,-∞,-∞,-∞,-∞,-∞,-∞,-∞,-∞,-∞,-∞,-∞,-∞,-∞,-∞,-∞,-∞,-∞,-∞,-∞,-∞,-∞,-∞,-∞,-∞,-∞,-∞,-∞,-∞,-∞,-∞,-∞,-∞,-∞,-∞,-∞,-∞,-∞,-∞,-∞,-∞,-∞,-∞,-∞,-∞,-∞,-∞,-∞,-∞,-∞,-∞,-∞,-∞
0.6931471805599453,0.5493061443340549,0.46209812037329684,0.34657359027997264,-∞,-∞,-∞,-∞,-∞,-∞,-∞,-∞,-∞,-∞,-∞,-∞,-∞,-∞,-∞,-∞,-∞,-∞,-∞,-∞,-∞,-∞,-∞,-∞,-∞,-∞,-∞,-∞,-∞,-∞,-∞,-∞,-∞,-∞,-∞,-∞,-∞,-∞,-∞,-∞,-∞,-∞,-∞,-∞,-∞,-∞,-∞,-∞,-∞,-∞,-∞,-∞,-∞,-∞,-∞,-∞,-∞,-∞,-∞,-∞,-∞,-∞,-∞,-∞,-∞,-∞,-∞,-∞,-∞,-∞,-∞,-∞,-∞,-∞,-∞,-∞,-∞,-∞,-∞,-∞,-∞,-∞,-∞,-∞,-∞,-∞,-∞,-∞,-∞,-∞,-∞,-∞,-∞,-∞,-∞,-∞,-∞,-∞,-∞,-∞,-∞,-∞,-∞,-∞,-∞,-∞,-∞,-∞,-∞,-∞,-∞,-∞,-∞,-∞,-∞,-∞,-∞,-∞,-∞,-∞,-∞,-∞,-∞,-∞,-∞,-∞,-∞,-∞,-∞,-∞,-∞,-∞,-∞,-∞,-∞,-∞,-∞,-∞,-∞,-∞,-∞,-∞,-∞,-∞,-∞,-∞,-∞,-∞,-∞,-∞,-∞,-∞,-∞,-∞,-∞,-∞,-∞,-∞,-∞,-∞,-∞,-∞,-∞,-∞,-∞,-∞,-∞,-∞,-∞,-∞,-∞,-∞,-∞,-∞,-∞,-∞,-∞,-∞,-∞,-∞,-∞,-∞,-∞,-∞,-∞,-∞,-∞,-∞,-∞,-∞,-∞,-∞,-∞,-∞,-∞,-∞,-∞,-∞,-∞,-∞,-∞,-∞,-∞,-∞,-∞,-∞,-∞,-∞,-∞,-∞,-∞,-∞,-∞,-∞,-∞,-∞,-∞,-∞,-∞,-∞,-∞,-∞,-∞,-∞,-∞,-∞,-∞,-∞,-∞,-∞,-∞,-∞,-∞,-∞,-∞,-∞,-∞,-∞,-∞,-∞,-∞,-∞,-∞,-∞,-∞,-∞,-∞,-∞,-∞,-∞,-∞,-∞,-∞,-∞,-∞,-∞,-∞,-∞,-∞,-∞,-∞,-∞,-∞,-∞,-∞,-∞,-∞,-∞,-∞,-∞,-∞,-∞,-∞,-∞,-∞,-∞,-∞,-∞,-∞,-∞,-∞,-∞,-∞,-∞,-∞,-∞,-∞,-∞,-∞,-∞,-∞,-∞,-∞,-∞,-∞,-∞,-∞,-∞,-∞,-∞,-∞,-∞,-∞,-∞,-∞,-∞,-∞,-∞,-∞,-∞,-∞,-∞,-∞,-∞,-∞,-∞,-∞,-∞,-∞,-∞,-∞,-∞,-∞,-∞,-∞,-∞,-∞,-∞,-∞,-∞,-∞,-∞,-∞,-∞,-∞,-∞,-∞,-∞,-∞,-∞,-∞,-∞,-∞,-∞,-∞,-∞,-∞,-∞,-∞,-∞,-∞,-∞,-∞,-∞,-∞,-∞,-∞,-∞,-∞,-∞,-∞,-∞,-∞,-∞,-∞,-∞,-∞,-∞,-∞,-∞,-∞,-∞,-∞,-∞,-∞,-∞,-∞,-∞,-∞,-∞,-∞,-∞,-∞,-∞,-∞,-∞,-∞,-∞,-∞,-∞,-∞,-∞,-∞,-∞,-∞,-∞,-∞,-∞,-∞,-∞,-∞,-∞,-∞,-∞,-∞,-∞,-∞,-∞,-∞,-∞,-∞,-∞,-∞,-∞,-∞,-∞,-∞,-∞,-∞,-∞,-∞,-∞,-∞,-∞,-∞,-∞,-∞,-∞,-∞,-∞,-∞,-∞,-∞,-∞,-∞,-∞,-∞,-∞,-∞,-∞,-∞,-∞,-∞,-∞,-∞,-∞,-∞,-∞,-∞,-∞,-∞,-∞,-∞,-∞,-∞,-∞,-∞,-∞,-∞,-∞,-∞,-∞,-∞,-∞,-∞,-∞,-∞,-∞,-∞,-∞,-∞,-∞,-∞,-∞,-∞,-∞,-∞,-∞,-∞,-∞,-∞,-∞,-∞,-∞,-∞,-∞,-∞,-∞,-∞,-∞,-∞,-∞,-∞,-∞,-∞,-∞
0.6931471805599453,0.5493061443340549,0.3662040962227033,-∞,-∞,-∞,-∞,-∞,-∞,-∞,-∞,-∞,-∞,-∞,-∞,-∞,-∞,-∞,-∞,-∞,-∞,-∞,-∞,-∞,-∞,-∞,-∞,-∞,-∞,-∞,-∞,-∞,-∞,-∞,-∞,-∞,-∞,-∞,-∞,-∞,-∞,-∞,-∞,-∞,-∞,-∞,-∞,-∞,-∞,-∞,-∞,-∞,-∞,-∞,-∞,-∞,-∞,-∞,-∞,-∞,-∞,-∞,-∞,-∞,-∞,-∞,-∞,-∞,-∞,-∞,-∞,-∞,-∞,-∞,-∞,-∞,-∞,-∞,-∞,-∞,-∞,-∞,-∞,-∞,-∞,-∞,-∞,-∞,-∞,-∞,-∞,-∞,-∞,-∞,-∞,-∞,-∞,-∞,-∞,-∞,-∞,-∞,-∞,-∞,-∞,-∞,-∞,-∞,-∞,-∞,-∞,-∞,-∞,-∞,-∞,-∞,-∞,-∞,-∞,-∞,-∞,-∞,-∞,-∞,-∞,-∞,-∞,-∞,-∞,-∞,-∞,-∞,-∞,-∞,-∞,-∞,-∞,-∞,-∞,-∞,-∞,-∞,-∞,-∞,-∞,-∞,-∞,-∞,-∞,-∞,-∞,-∞,-∞,-∞,-∞,-∞,-∞,-∞,-∞,-∞,-∞,-∞,-∞,-∞,-∞,-∞,-∞,-∞,-∞,-∞,-∞,-∞,-∞,-∞,-∞,-∞,-∞,-∞,-∞,-∞,-∞,-∞,-∞,-∞,-∞,-∞,-∞,-∞,-∞,-∞,-∞,-∞,-∞,-∞,-∞,-∞,-∞,-∞,-∞,-∞,-∞,-∞,-∞,-∞,-∞,-∞,-∞,-∞,-∞,-∞,-∞,-∞,-∞,-∞,-∞,-∞,-∞,-∞,-∞,-∞,-∞,-∞,-∞,-∞,-∞,-∞,-∞,-∞,-∞,-∞,-∞,-∞,-∞,-∞,-∞,-∞,-∞,-∞,-∞,-∞,-∞,-∞,-∞,-∞,-∞,-∞,-∞,-∞,-∞,-∞,-∞,-∞,-∞,-∞,-∞,-∞,-∞,-∞,-∞,-∞,-∞,-∞,-∞,-∞,-∞,-∞,-∞,-∞,-∞,-∞,-∞,-∞,-∞,-∞,-∞,-∞,-∞,-∞,-∞,-∞,-∞,-∞,-∞,-∞,-∞,-∞,-∞,-∞,-∞,-∞,-∞,-∞,-∞,-∞,-∞,-∞,-∞,-∞,-∞,-∞,-∞,-∞,-∞,-∞,-∞,-∞,-∞,-∞,-∞,-∞,-∞,-∞,-∞,-∞,-∞,-∞,-∞,-∞,-∞,-∞,-∞,-∞,-∞,-∞,-∞,-∞,-∞,-∞,-∞,-∞,-∞,-∞,-∞,-∞,-∞,-∞,-∞,-∞,-∞,-∞,-∞,-∞,-∞,-∞,-∞,-∞,-∞,-∞,-∞,-∞,-∞,-∞,-∞,-∞,-∞,-∞,-∞,-∞,-∞,-∞,-∞,-∞,-∞,-∞,-∞,-∞,-∞,-∞,-∞,-∞,-∞,-∞,-∞,-∞,-∞,-∞,-∞,-∞,-∞,-∞,-∞,-∞,-∞,-∞,-∞,-∞,-∞,-∞,-∞,-∞,-∞,-∞,-∞,-∞,-∞,-∞,-∞,-∞,-∞,-∞,-∞,-∞,-∞,-∞,-∞,-∞,-∞,-∞,-∞,-∞,-∞,-∞,-∞,-∞,-∞,-∞,-∞,-∞,-∞,-∞,-∞,-∞,-∞,-∞,-∞,-∞,-∞,-∞,-∞,-∞,-∞,-∞,-∞,-∞,-∞,-∞,-∞,-∞,-∞,-∞,-∞,-∞,-∞,-∞,-∞,-∞,-∞,-∞,-∞,-∞,-∞,-∞,-∞,-∞,-∞,-∞,-∞,-∞,-∞,-∞,-∞,-∞,-∞,-∞,-∞,-∞,-∞,-∞,-∞,-∞,-∞,-∞,-∞,-∞,-∞,-∞,-∞,-∞,-∞,-∞,-∞,-∞,-∞,-∞,-∞,-∞,-∞,-∞,-∞,-∞,-∞,-∞,-∞,-∞,-∞,-∞,-∞,-∞,-∞,-∞
0,-∞,-∞,-∞,-∞,-∞,-∞,-∞,-∞,-∞,-∞,-∞,-∞,-∞,-∞,-∞,-∞,-∞,-∞,-∞,-∞,-∞,-∞,-∞,-∞,-∞,-∞,-∞,-∞,-∞,-∞,-∞,-∞,-∞,-∞,-∞,-∞,-∞,-∞,-∞,-∞,-∞,-∞,-∞,-∞,-∞,-∞,-∞,-∞,-∞,-∞,-∞,-∞,-∞,-∞,-∞,-∞,-∞,-∞,-∞,-∞,-∞,-∞,-∞,-∞,-∞,-∞,-∞,-∞,-∞,-∞,-∞,-∞,-∞,-∞,-∞,-∞,-∞,-∞,-∞,-∞,-∞,-∞,-∞,-∞,-∞,-∞,-∞,-∞,-∞,-∞,-∞,-∞,-∞,-∞,-∞,-∞,-∞,-∞,-∞,-∞,-∞,-∞,-∞,-∞,-∞,-∞,-∞,-∞,-∞,-∞,-∞,-∞,-∞,-∞,-∞,-∞,-∞,-∞,-∞,-∞,-∞,-∞,-∞,-∞,-∞,-∞,-∞,-∞,-∞,-∞,-∞,-∞,-∞,-∞,-∞,-∞,-∞,-∞,-∞,-∞,-∞,-∞,-∞,-∞,-∞,-∞,-∞,-∞,-∞,-∞,-∞,-∞,-∞,-∞,-∞,-∞,-∞,-∞,-∞,-∞,-∞,-∞,-∞,-∞,-∞,-∞,-∞,-∞,-∞,-∞,-∞,-∞,-∞,-∞,-∞,-∞,-∞,-∞,-∞,-∞,-∞,-∞,-∞,-∞,-∞,-∞,-∞,-∞,-∞,-∞,-∞,-∞,-∞,-∞,-∞,-∞,-∞,-∞,-∞,-∞,-∞,-∞,-∞,-∞,-∞,-∞,-∞,-∞,-∞,-∞,-∞,-∞,-∞,-∞,-∞,-∞,-∞,-∞,-∞,-∞,-∞,-∞,-∞,-∞,-∞,-∞,-∞,-∞,-∞,-∞,-∞,-∞,-∞,-∞,-∞,-∞,-∞,-∞,-∞,-∞,-∞,-∞,-∞,-∞,-∞,-∞,-∞,-∞,-∞,-∞,-∞,-∞,-∞,-∞,-∞,-∞,-∞,-∞,-∞,-∞,-∞,-∞,-∞,-∞,-∞,-∞,-∞,-∞,-∞,-∞,-∞,-∞,-∞,-∞,-∞,-∞,-∞,-∞,-∞,-∞,-∞,-∞,-∞,-∞,-∞,-∞,-∞,-∞,-∞,-∞,-∞,-∞,-∞,-∞,-∞,-∞,-∞,-∞,-∞,-∞,-∞,-∞,-∞,-∞,-∞,-∞,-∞,-∞,-∞,-∞,-∞,-∞,-∞,-∞,-∞,-∞,-∞,-∞,-∞,-∞,-∞,-∞,-∞,-∞,-∞,-∞,-∞,-∞,-∞,-∞,-∞,-∞,-∞,-∞,-∞,-∞,-∞,-∞,-∞,-∞,-∞,-∞,-∞,-∞,-∞,-∞,-∞,-∞,-∞,-∞,-∞,-∞,-∞,-∞,-∞,-∞,-∞,-∞,-∞,-∞,-∞,-∞,-∞,-∞,-∞,-∞,-∞,-∞,-∞,-∞,-∞,-∞,-∞,-∞,-∞,-∞,-∞,-∞,-∞,-∞,-∞,-∞,-∞,-∞,-∞,-∞,-∞,-∞,-∞,-∞,-∞,-∞,-∞,-∞,-∞,-∞,-∞,-∞,-∞,-∞,-∞,-∞,-∞,-∞,-∞,-∞,-∞,-∞,-∞,-∞,-∞,-∞,-∞,-∞,-∞,-∞,-∞,-∞,-∞,-∞,-∞,-∞,-∞,-∞,-∞,-∞,-∞,-∞,-∞,-∞,-∞,-∞,-∞,-∞,-∞,-∞,-∞,-∞,-∞,-∞,-∞,-∞,-∞,-∞,-∞,-∞,-∞,-∞,-∞,-∞,-∞,-∞,-∞,-∞,-∞,-∞,-∞,-∞,-∞,-∞,-∞,-∞,-∞,-∞,-∞,-∞,-∞,-∞,-∞,-∞,-∞,-∞,-∞,-∞,-∞,-∞,-∞,-∞,-∞,-∞,-∞,-∞,-∞,-∞,-∞,-∞,-∞,-∞,-∞,-∞,-∞,-∞,-∞,-∞,-∞,-∞,-∞,-∞,-∞
-∞,-∞,-∞,-∞,-∞,-∞,-∞,-∞,-∞,-∞,-∞,-∞,-∞,-∞,-∞,-∞,-∞,-∞,-∞,-∞,-∞,-∞,-∞,-∞,-∞,-∞,-∞,-∞,-∞,-∞,-∞,-∞,-∞,-∞,-∞,-∞,-∞,-∞,-∞,-∞,-∞,-∞,-∞,-∞,-∞,-∞,-∞,-∞,-∞,-∞,-∞,-∞,-∞,-∞,-∞,-∞,-∞,-∞,-∞,-∞,-∞,-∞,-∞,-∞,-∞,-∞,-∞,-∞,-∞,-∞,-∞,-∞,-∞,-∞,-∞,-∞,-∞,-∞,-∞,-∞,-∞,-∞,-∞,-∞,-∞,-∞,-∞,-∞,-∞,-∞,-∞,-∞,-∞,-∞,-∞,-∞,-∞,-∞,-∞,-∞,-∞,-∞,-∞,-∞,-∞,-∞,-∞,-∞,-∞,-∞,-∞,-∞,-∞,-∞,-∞,-∞,-∞,-∞,-∞,-∞,-∞,-∞,-∞,-∞,-∞,-∞,-∞,-∞,-∞,-∞,-∞,-∞,-∞,-∞,-∞,-∞,-∞,-∞,-∞,-∞,-∞,-∞,-∞,-∞,-∞,-∞,-∞,-∞,-∞,-∞,-∞,-∞,-∞,-∞,-∞,-∞,-∞,-∞,-∞,-∞,-∞,-∞,-∞,-∞,-∞,-∞,-∞,-∞,-∞,-∞,-∞,-∞,-∞,-∞,-∞,-∞,-∞,-∞,-∞,-∞,-∞,-∞,-∞,-∞,-∞,-∞,-∞,-∞,-∞,-∞,-∞,-∞,-∞,-∞,-∞,-∞,-∞,-∞,-∞,-∞,-∞,-∞,-∞,-∞,-∞,-∞,-∞,-∞,-∞,-∞,-∞,-∞,-∞,-∞,-∞,-∞,-∞,-∞,-∞,-∞,-∞,-∞,-∞,-∞,-∞,-∞,-∞,-∞,-∞,-∞,-∞,-∞,-∞,-∞,-∞,-∞,-∞,-∞,-∞,-∞,-∞,-∞,-∞,-∞,-∞,-∞,-∞,-∞,-∞,-∞,-∞,-∞,-∞,-∞,-∞,-∞,-∞,-∞,-∞,-∞,-∞,-∞,-∞,-∞,-∞,-∞,-∞,-∞,-∞,-∞,-∞,-∞,-∞,-∞,-∞,-∞,-∞,-∞,-∞,-∞,-∞,-∞,-∞,-∞,-∞,-∞,-∞,-∞,-∞,-∞,-∞,-∞,-∞,-∞,-∞,-∞,-∞,-∞,-∞,-∞,-∞,-∞,-∞,-∞,-∞,-∞,-∞,-∞,-∞,-∞,-∞,-∞,-∞,-∞,-∞,-∞,-∞,-∞,-∞,-∞,-∞,-∞,-∞,-∞,-∞,-∞,-∞,-∞,-∞,-∞,-∞,-∞,-∞,-∞,-∞,-∞,-∞,-∞,-∞,-∞,-∞,-∞,-∞,-∞,-∞,-∞,-∞,-∞,-∞,-∞,-∞,-∞,-∞,-∞,-∞,-∞,-∞,-∞,-∞,-∞,-∞,-∞,-∞,-∞,-∞,-∞,-∞,-∞,-∞,-∞,-∞,-∞,-∞,-∞,-∞,-∞,-∞,-∞,-∞,-∞,-∞,-∞,-∞,-∞,-∞,-∞,-∞,-∞,-∞,-∞,-∞,-∞,-∞,-∞,-∞,-∞,-∞,-∞,-∞,-∞,-∞,-∞,-∞,-∞,-∞,-∞,-∞,-∞,-∞,-∞,-∞,-∞,-∞,-∞,-∞,-∞,-∞,-∞,-∞,-∞,-∞,-∞,-∞,-∞,-∞,-∞,-∞,-∞,-∞,-∞,-∞,-∞,-∞,-∞,-∞,-∞,-∞,-∞,-∞,-∞,-∞,-∞,-∞,-∞,-∞,-∞,-∞,-∞,-∞,-∞,-∞,-∞,-∞,-∞,-∞,-∞,-∞,-∞,-∞,-∞,-∞,-∞,-∞,-∞,-∞,-∞,-∞,-∞,-∞,-∞,-∞,-∞,-∞,-∞,-∞,-∞,-∞,-∞,-∞,-∞,-∞,-∞,-∞,-∞,-∞,-∞,-∞,-∞,-∞,-∞,-∞,-∞,-∞,-∞,-∞,-∞,-∞,-∞,-∞,-∞
-∞,-∞,-∞,-∞,-∞,-∞,-∞,-∞,-∞,-∞,-∞,-∞,-∞,-∞,-∞,-∞,-∞,-∞,-∞,-∞,-∞,-∞,-∞,-∞,-∞,-∞,-∞,-∞,-∞,-∞,-∞,-∞,-∞,-∞,-∞,-∞,-∞,-∞,-∞,-∞,-∞,-∞,-∞,-∞,-∞,-∞,-∞,-∞,-∞,-∞,-∞,-∞,-∞,-∞,-∞,-∞,-∞,-∞,-∞,-∞,-∞,-∞,-∞,-∞,-∞,-∞,-∞,-∞,-∞,-∞,-∞,-∞,-∞,-∞,-∞,-∞,-∞,-∞,-∞,-∞,-∞,-∞,-∞,-∞,-∞,-∞,-∞,-∞,-∞,-∞,-∞,-∞,-∞,-∞,-∞,-∞,-∞,-∞,-∞,-∞,-∞,-∞,-∞,-∞,-∞,-∞,-∞,-∞,-∞,-∞,-∞,-∞,-∞,-∞,-∞,-∞,-∞,-∞,-∞,-∞,-∞,-∞,-∞,-∞,-∞,-∞,-∞,-∞,-∞,-∞,-∞,-∞,-∞,-∞,-∞,-∞,-∞,-∞,-∞,-∞,-∞,-∞,-∞,-∞,-∞,-∞,-∞,-∞,-∞,-∞,-∞,-∞,-∞,-∞,-∞,-∞,-∞,-∞,-∞,-∞,-∞,-∞,-∞,-∞,-∞,-∞,-∞,-∞,-∞,-∞,-∞,-∞,-∞,-∞,-∞,-∞,-∞,-∞,-∞,-∞,-∞,-∞,-∞,-∞,-∞,-∞,-∞,-∞,-∞,-∞,-∞,-∞,-∞,-∞,-∞,-∞,-∞,-∞,-∞,-∞,-∞,-∞,-∞,-∞,-∞,-∞,-∞,-∞,-∞,-∞,-∞,-∞,-∞,-∞,-∞,-∞,-∞,-∞,-∞,-∞,-∞,-∞,-∞,-∞,-∞,-∞,-∞,-∞,-∞,-∞,-∞,-∞,-∞,-∞,-∞,-∞,-∞,-∞,-∞,-∞,-∞,-∞,-∞,-∞,-∞,-∞,-∞,-∞,-∞,-∞,-∞,-∞,-∞,-∞,-∞,-∞,-∞,-∞,-∞,-∞,-∞,-∞,-∞,-∞,-∞,-∞,-∞,-∞,-∞,-∞,-∞,-∞,-∞,-∞,-∞,-∞,-∞,-∞,-∞,-∞,-∞,-∞,-∞,-∞,-∞,-∞,-∞,-∞,-∞,-∞,-∞,-∞,-∞,-∞,-∞,-∞,-∞,-∞,-∞,-∞,-∞,-∞,-∞,-∞,-∞,-∞,-∞,-∞,-∞,-∞,-∞,-∞,-∞,-∞,-∞,-∞,-∞,-∞,-∞,-∞,-∞,-∞,-∞,-∞,-∞,-∞,-∞,-∞,-∞,-∞,-∞,-∞,-∞,-∞,-∞,-∞,-∞,-∞,-∞,-∞,-∞,-∞,-∞,-∞,-∞,-∞,-∞,-∞,-∞,-∞,-∞,-∞,-∞,-∞,-∞,-∞,-∞,-∞,-∞,-∞,-∞,-∞,-∞,-∞,-∞,-∞,-∞,-∞,-∞,-∞,-∞,-∞,-∞,-∞,-∞,-∞,-∞,-∞,-∞,-∞,-∞,-∞,-∞,-∞,-∞,-∞,-∞,-∞,-∞,-∞,-∞,-∞,-∞,-∞,-∞,-∞,-∞,-∞,-∞,-∞,-∞,-∞,-∞,-∞,-∞,-∞,-∞,-∞,-∞,-∞,-∞,-∞,-∞,-∞,-∞,-∞,-∞,-∞,-∞,-∞,-∞,-∞,-∞,-∞,-∞,-∞,-∞,-∞,-∞,-∞,-∞,-∞,-∞,-∞,-∞,-∞,-∞,-∞,-∞,-∞,-∞,-∞,-∞,-∞,-∞,-∞,-∞,-∞,-∞,-∞,-∞,-∞,-∞,-∞,-∞,-∞,-∞,-∞,-∞,-∞,-∞,-∞,-∞,-∞,-∞,-∞,-∞,-∞,-∞,-∞,-∞,-∞,-∞,-∞,-∞,-∞,-∞,-∞,-∞,-∞,-∞,-∞,-∞,-∞,-∞,-∞,-∞,-∞,-∞,-∞,-∞,-∞,-∞,-∞,-∞,-∞,-∞,-∞,-∞,-∞
0,0,0,0,0,-∞,-∞,-∞,-∞,-∞,-∞,-∞,-∞,-∞,-∞,-∞,-∞,-∞,-∞,-∞,-∞,-∞,-∞,-∞,-∞,-∞,-∞,-∞,-∞,-∞,-∞,-∞,-∞,-∞,-∞,-∞,-∞,-∞,-∞,-∞,-∞,-∞,-∞,-∞,-∞,-∞,-∞,-∞,-∞,-∞,-∞,-∞,-∞,-∞,-∞,-∞,-∞,-∞,-∞,-∞,-∞,-∞,-∞,-∞,-∞,-∞,-∞,-∞,-∞,-∞,-∞,-∞,-∞,-∞,-∞,-∞,-∞,-∞,-∞,-∞,-∞,-∞,-∞,-∞,-∞,-∞,-∞,-∞,-∞,-∞,-∞,-∞,-∞,-∞,-∞,-∞,-∞,-∞,-∞,-∞,-∞,-∞,-∞,-∞,-∞,-∞,-∞,-∞,-∞,-∞,-∞,-∞,-∞,-∞,-∞,-∞,-∞,-∞,-∞,-∞,-∞,-∞,-∞,-∞,-∞,-∞,-∞,-∞,-∞,-∞,-∞,-∞,-∞,-∞,-∞,-∞,-∞,-∞,-∞,-∞,-∞,-∞,-∞,-∞,-∞,-∞,-∞,-∞,-∞,-∞,-∞,-∞,-∞,-∞,-∞,-∞,-∞,-∞,-∞,-∞,-∞,-∞,-∞,-∞,-∞,-∞,-∞,-∞,-∞,-∞,-∞,-∞,-∞,-∞,-∞,-∞,-∞,-∞,-∞,-∞,-∞,-∞,-∞,-∞,-∞,-∞,-∞,-∞,-∞,-∞,-∞,-∞,-∞,-∞,-∞,-∞,-∞,-∞,-∞,-∞,-∞,-∞,-∞,-∞,-∞,-∞,-∞,-∞,-∞,-∞,-∞,-∞,-∞,-∞,-∞,-∞,-∞,-∞,-∞,-∞,-∞,-∞,-∞,-∞,-∞,-∞,-∞,-∞,-∞,-∞,-∞,-∞,-∞,-∞,-∞,-∞,-∞,-∞,-∞,-∞,-∞,-∞,-∞,-∞,-∞,-∞,-∞,-∞,-∞,-∞,-∞,-∞,-∞,-∞,-∞,-∞,-∞,-∞,-∞,-∞,-∞,-∞,-∞,-∞,-∞,-∞,-∞,-∞,-∞,-∞,-∞,-∞,-∞,-∞,-∞,-∞,-∞,-∞,-∞,-∞,-∞,-∞,-∞,-∞,-∞,-∞,-∞,-∞,-∞,-∞,-∞,-∞,-∞,-∞,-∞,-∞,-∞,-∞,-∞,-∞,-∞,-∞,-∞,-∞,-∞,-∞,-∞,-∞,-∞,-∞,-∞,-∞,-∞,-∞,-∞,-∞,-∞,-∞,-∞,-∞,-∞,-∞,-∞,-∞,-∞,-∞,-∞,-∞,-∞,-∞,-∞,-∞,-∞,-∞,-∞,-∞,-∞,-∞,-∞,-∞,-∞,-∞,-∞,-∞,-∞,-∞,-∞,-∞,-∞,-∞,-∞,-∞,-∞,-∞,-∞,-∞,-∞,-∞,-∞,-∞,-∞,-∞,-∞,-∞,-∞,-∞,-∞,-∞,-∞,-∞,-∞,-∞,-∞,-∞,-∞,-∞,-∞,-∞,-∞,-∞,-∞,-∞,-∞,-∞,-∞,-∞,-∞,-∞,-∞,-∞,-∞,-∞,-∞,-∞,-∞,-∞,-∞,-∞,-∞,-∞,-∞,-∞,-∞,-∞,-∞,-∞,-∞,-∞,-∞,-∞,-∞,-∞,-∞,-∞,-∞,-∞,-∞,-∞,-∞,-∞,-∞,-∞,-∞,-∞,-∞,-∞,-∞,-∞,-∞,-∞,-∞,-∞,-∞,-∞,-∞,-∞,-∞,-∞,-∞,-∞,-∞,-∞,-∞,-∞,-∞,-∞,-∞,-∞,-∞,-∞,-∞,-∞,-∞,-∞,-∞,-∞,-∞,-∞,-∞,-∞,-∞,-∞,-∞,-∞,-∞,-∞,-∞,-∞,-∞,-∞,-∞,-∞,-∞,-∞,-∞,-∞,-∞,-∞,-∞,-∞,-∞,-∞,-∞,-∞,-∞,-∞,-∞,-∞,-∞,-∞,-∞,-∞,-∞,-∞,-∞,-∞,-∞,-∞,-∞,-∞
0.6931471805599453,0.6931471805599453,0.6931471805599453,0.6597643324038146,0.5991464547107982,0.49928871225899846,-∞,-∞,-∞,-∞,-∞,-∞,-∞,-∞,-∞,-∞,-∞,-∞,-∞,-∞,-∞,-∞,-∞,-∞,-∞,-∞,-∞,-∞,-∞,-∞,-∞,-∞,-∞,-∞,-∞,-∞,-∞,-∞,-∞,-∞,-∞,-∞,-∞,-∞,-∞,-∞,-∞,-∞,-∞,-∞,-∞,-∞,-∞,-∞,-∞,-∞,-∞,-∞,-∞,-∞,-∞,-∞,-∞,-∞,-∞,-∞,-∞,-∞,-∞,-∞,-∞,-∞,-∞,-∞,-∞,-∞,-∞,-∞,-∞,-∞,-∞,-∞,-∞,-∞,-∞,-∞,-∞,-∞,-∞,-∞,-∞,-∞,-∞,-∞,-∞,-∞,-∞,-∞,-∞,-∞,-∞,-∞,-∞,-∞,-∞,-∞,-∞,-∞,-∞,-∞,-∞,-∞,-∞,-∞,-∞,-∞,-∞,-∞,-∞,-∞,-∞,-∞,-∞,-∞,-∞,-∞,-∞,-∞,-∞,-∞,-∞,-∞,-∞,-∞,-∞,-∞,-∞,-∞,-∞,-∞,-∞,-∞,-∞,-∞,-∞,-∞,-∞,-∞,-∞,-∞,-∞,-∞,-∞,-∞,-∞,-∞,-∞,-∞,-∞,-∞,-∞,-∞,-∞,-∞,-∞,-∞,-∞,-∞,-∞,-∞,-∞,-∞,-∞,-∞,-∞,-∞,-∞,-∞,-∞,-∞,-∞,-∞,-∞,-∞,-∞,-∞,-∞,-∞,-∞,-∞,-∞,-∞,-∞,-∞,-∞,-∞,-∞,-∞,-∞,-∞,-∞,-∞,-∞,-∞,-∞,-∞,-∞,-∞,-∞,-∞,-∞,-∞,-∞,-∞,-∞,-∞,-∞,-∞,-∞,-∞,-∞,-∞,-∞,-∞,-∞,-∞,-∞,-∞,-∞,-∞,-∞,-∞,-∞,-∞,-∞,-∞,-∞,-∞,-∞,-∞,-∞,-∞,-∞,-∞,-∞,-∞,-∞,-∞,-∞,-∞,-∞,-∞,-∞,-∞,-∞,-∞,-∞,-∞,-∞,-∞,-∞,-∞,-∞,-∞,-∞,-∞,-∞,-∞,-∞,-∞,-∞,-∞,-∞,-∞,-∞,-∞,-∞,-∞,-∞,-∞,-∞,-∞,-∞,-∞,-∞,-∞,-∞,-∞,-∞,-∞,-∞,-∞,-∞,-∞,-∞,-∞,-∞,-∞,-∞,-∞,-∞,-∞,-∞,-∞,-∞,-∞,-∞,-∞,-∞,-∞,-∞,-∞,-∞,-∞,-∞,-∞,-∞,-∞,-∞,-∞,-∞,-∞,-∞,-∞,-∞,-∞,-∞,-∞,-∞,-∞,-∞,-∞,-∞,-∞,-∞,-∞,-∞,-∞,-∞,-∞,-∞,-∞,-∞,-∞,-∞,-∞,-∞,-∞,-∞,-∞,-∞,-∞,-∞,-∞,-∞,-∞,-∞,-∞,-∞,-∞,-∞,-∞,-∞,-∞,-∞,-∞,-∞,-∞,-∞,-∞,-∞,-∞,-∞,-∞,-∞,-∞,-∞,-∞,-∞,-∞,-∞,-∞,-∞,-∞,-∞,-∞,-∞,-∞,-∞,-∞,-∞,-∞,-∞,-∞,-∞,-∞,-∞,-∞,-∞,-∞,-∞,-∞,-∞,-∞,-∞,-∞,-∞,-∞,-∞,-∞,-∞,-∞,-∞,-∞,-∞,-∞,-∞,-∞,-∞,-∞,-∞,-∞,-∞,-∞,-∞,-∞,-∞,-∞,-∞,-∞,-∞,-∞,-∞,-∞,-∞,-∞,-∞,-∞,-∞,-∞,-∞,-∞,-∞,-∞,-∞,-∞,-∞,-∞,-∞,-∞,-∞,-∞,-∞,-∞,-∞,-∞,-∞,-∞,-∞,-∞,-∞,-∞,-∞,-∞,-∞,-∞,-∞,-∞,-∞,-∞,-∞,-∞,-∞,-∞,-∞,-∞,-∞,-∞,-∞,-∞,-∞,-∞,-∞,-∞,-∞,-∞,-∞,-∞,-∞,-∞,-∞,-∞,-∞,-∞,-∞,-∞,-∞,-∞,-∞,-∞
0,-∞,-∞,-∞,-∞,-∞,-∞,-∞,-∞,-∞,-∞,-∞,-∞,-∞,-∞,-∞,-∞,-∞,-∞,-∞,-∞,-∞,-∞,-∞,-∞,-∞,-∞,-∞,-∞,-∞,-∞,-∞,-∞,-∞,-∞,-∞,-∞,-∞,-∞,-∞,-∞,-∞,-∞,-∞,-∞,-∞,-∞,-∞,-∞,-∞,-∞,-∞,-∞,-∞,-∞,-∞,-∞,-∞,-∞,-∞,-∞,-∞,-∞,-∞,-∞,-∞,-∞,-∞,-∞,-∞,-∞,-∞,-∞,-∞,-∞,-∞,-∞,-∞,-∞,-∞,-∞,-∞,-∞,-∞,-∞,-∞,-∞,-∞,-∞,-∞,-∞,-∞,-∞,-∞,-∞,-∞,-∞,-∞,-∞,-∞,-∞,-∞,-∞,-∞,-∞,-∞,-∞,-∞,-∞,-∞,-∞,-∞,-∞,-∞,-∞,-∞,-∞,-∞,-∞,-∞,-∞,-∞,-∞,-∞,-∞,-∞,-∞,-∞,-∞,-∞,-∞,-∞,-∞,-∞,-∞,-∞,-∞,-∞,-∞,-∞,-∞,-∞,-∞,-∞,-∞,-∞,-∞,-∞,-∞,-∞,-∞,-∞,-∞,-∞,-∞,-∞,-∞,-∞,-∞,-∞,-∞,-∞,-∞,-∞,-∞,-∞,-∞,-∞,-∞,-∞,-∞,-∞,-∞,-∞,-∞,-∞,-∞,-∞,-∞,-∞,-∞,-∞,-∞,-∞,-∞,-∞,-∞,-∞,-∞,-∞,-∞,-∞,-∞,-∞,-∞,-∞,-∞,-∞,-∞,-∞,-∞,-∞,-∞,-∞,-∞,-∞,-∞,-∞,-∞,-∞,-∞,-∞,-∞,-∞,-∞,-∞,-∞,-∞,-∞,-∞,-∞,-∞,-∞,-∞,-∞,-∞,-∞,-∞,-∞,-∞,-∞,-∞,-∞,-∞,-∞,-∞,-∞,-∞,-∞,-∞,-∞,-∞,-∞,-∞,-∞,-∞,-∞,-∞,-∞,-∞,-∞,-∞,-∞,-∞,-∞,-∞,-∞,-∞,-∞,-∞,-∞,-∞,-∞,-∞,-∞,-∞,-∞,-∞,-∞,-∞,-∞,-∞,-∞,-∞,-∞,-∞,-∞,-∞,-∞,-∞,-∞,-∞,-∞,-∞,-∞,-∞,-∞,-∞,-∞,-∞,-∞,-∞,-∞,-∞,-∞,-∞,-∞,-∞,-∞,-∞,-∞,-∞,-∞,-∞,-∞,-∞,-∞,-∞,-∞,-∞,-∞,-∞,-∞,-∞,-∞,-∞,-∞,-∞,-∞,-∞,-∞,-∞,-∞,-∞,-∞,-∞,-∞,-∞,-∞,-∞,-∞,-∞,-∞,-∞,-∞,-∞,-∞,-∞,-∞,-∞,-∞,-∞,-∞,-∞,-∞,-∞,-∞,-∞,-∞,-∞,-∞,-∞,-∞,-∞,-∞,-∞,-∞,-∞,-∞,-∞,-∞,-∞,-∞,-∞,-∞,-∞,-∞,-∞,-∞,-∞,-∞,-∞,-∞,-∞,-∞,-∞,-∞,-∞,-∞,-∞,-∞,-∞,-∞,-∞,-∞,-∞,-∞,-∞,-∞,-∞,-∞,-∞,-∞,-∞,-∞,-∞,-∞,-∞,-∞,-∞,-∞,-∞,-∞,-∞,-∞,-∞,-∞,-∞,-∞,-∞,-∞,-∞,-∞,-∞,-∞,-∞,-∞,-∞,-∞,-∞,-∞,-∞,-∞,-∞,-∞,-∞,-∞,-∞,-∞,-∞,-∞,-∞,-∞,-∞,-∞,-∞,-∞,-∞,-∞,-∞,-∞,-∞,-∞,-∞,-∞,-∞,-∞,-∞,-∞,-∞,-∞,-∞,-∞,-∞,-∞,-∞,-∞,-∞,-∞,-∞,-∞,-∞,-∞,-∞,-∞,-∞,-∞,-∞,-∞,-∞,-∞,-∞,-∞,-∞,-∞,-∞,-∞,-∞,-∞,-∞,-∞,-∞,-∞,-∞,-∞,-∞,-∞,-∞,-∞,-∞,-∞,-∞,-∞,-∞,-∞,-∞,-∞,-∞,-∞,-∞
-∞,-∞,-∞,-∞,-∞,-∞,-∞,-∞,-∞,-∞,-∞,-∞,-∞,-∞,-∞,-∞,-∞,-∞,-∞,-∞,-∞,-∞,-∞,-∞,-∞,-∞,-∞,-∞,-∞,-∞,-∞,-∞,-∞,-∞,-∞,-∞,-∞,-∞,-∞,-∞,-∞,-∞,-∞,-∞,-∞,-∞,-∞,-∞,-∞,-∞,-∞,-∞,-∞,-∞,-∞,-∞,-∞,-∞,-∞,-∞,-∞,-∞,-∞,-∞,-∞,-∞,-∞,-∞,-∞,-∞,-∞,-∞,-∞,-∞,-∞,-∞,-∞,-∞,-∞,-∞,-∞,-∞,-∞,-∞,-∞,-∞,-∞,-∞,-∞,-∞,-∞,-∞,-∞,-∞,-∞,-∞,-∞,-∞,-∞,-∞,-∞,-∞,-∞,-∞,-∞,-∞,-∞,-∞,-∞,-∞,-∞,-∞,-∞,-∞,-∞,-∞,-∞,-∞,-∞,-∞,-∞,-∞,-∞,-∞,-∞,-∞,-∞,-∞,-∞,-∞,-∞,-∞,-∞,-∞,-∞,-∞,-∞,-∞,-∞,-∞,-∞,-∞,-∞,-∞,-∞,-∞,-∞,-∞,-∞,-∞,-∞,-∞,-∞,-∞,-∞,-∞,-∞,-∞,-∞,-∞,-∞,-∞,-∞,-∞,-∞,-∞,-∞,-∞,-∞,-∞,-∞,-∞,-∞,-∞,-∞,-∞,-∞,-∞,-∞,-∞,-∞,-∞,-∞,-∞,-∞,-∞,-∞,-∞,-∞,-∞,-∞,-∞,-∞,-∞,-∞,-∞,-∞,-∞,-∞,-∞,-∞,-∞,-∞,-∞,-∞,-∞,-∞,-∞,-∞,-∞,-∞,-∞,-∞,-∞,-∞,-∞,-∞,-∞,-∞,-∞,-∞,-∞,-∞,-∞,-∞,-∞,-∞,-∞,-∞,-∞,-∞,-∞,-∞,-∞,-∞,-∞,-∞,-∞,-∞,-∞,-∞,-∞,-∞,-∞,-∞,-∞,-∞,-∞,-∞,-∞,-∞,-∞,-∞,-∞,-∞,-∞,-∞,-∞,-∞,-∞,-∞,-∞,-∞,-∞,-∞,-∞,-∞,-∞,-∞,-∞,-∞,-∞,-∞,-∞,-∞,-∞,-∞,-∞,-∞,-∞,-∞,-∞,-∞,-∞,-∞,-∞,-∞,-∞,-∞,-∞,-∞,-∞,-∞,-∞,-∞,-∞,-∞,-∞,-∞,-∞,-∞,-∞,-∞,-∞,-∞,-∞,-∞,-∞,-∞,-∞,-∞,-∞,-∞,-∞,-∞,-∞,-∞,-∞,-∞,-∞,-∞,-∞,-∞,-∞,-∞,-∞,-∞,-∞,-∞,-∞,-∞,-∞,-∞,-∞,-∞,-∞,-∞,-∞,-∞,-∞,-∞,-∞,-∞,-∞,-∞,-∞,-∞,-∞,-∞,-∞,-∞,-∞,-∞,-∞,-∞,-∞,-∞,-∞,-∞,-∞,-∞,-∞,-∞,-∞,-∞,-∞,-∞,-∞,-∞,-∞,-∞,-∞,-∞,-∞,-∞,-∞,-∞,-∞,-∞,-∞,-∞,-∞,-∞,-∞,-∞,-∞,-∞,-∞,-∞,-∞,-∞,-∞,-∞,-∞,-∞,-∞,-∞,-∞,-∞,-∞,-∞,-∞,-∞,-∞,-∞,-∞,-∞,-∞,-∞,-∞,-∞,-∞,-∞,-∞,-∞,-∞,-∞,-∞,-∞,-∞,-∞,-∞,-∞,-∞,-∞,-∞,-∞,-∞,-∞,-∞,-∞,-∞,-∞,-∞,-∞,-∞,-∞,-∞,-∞,-∞,-∞,-∞,-∞,-∞,-∞,-∞,-∞,-∞,-∞,-∞,-∞,-∞,-∞,-∞,-∞,-∞,-∞,-∞,-∞,-∞,-∞,-∞,-∞,-∞,-∞,-∞,-∞,-∞,-∞,-∞,-∞,-∞,-∞,-∞,-∞,-∞,-∞,-∞,-∞,-∞,-∞,-∞,-∞,-∞,-∞,-∞,-∞,-∞,-∞,-∞,-∞,-∞,-∞,-∞,-∞,-∞,-∞,-∞,-∞,-∞
0,0,-∞,-∞,-∞,-∞,-∞,-∞,-∞,-∞,-∞,-∞,-∞,-∞,-∞,-∞,-∞,-∞,-∞,-∞,-∞,-∞,-∞,-∞,-∞,-∞,-∞,-∞,-∞,-∞,-∞,-∞,-∞,-∞,-∞,-∞,-∞,-∞,-∞,-∞,-∞,-∞,-∞,-∞,-∞,-∞,-∞,-∞,-∞,-∞,-∞,-∞,-∞,-∞,-∞,-∞,-∞,-∞,-∞,-∞,-∞,-∞,-∞,-∞,-∞,-∞,-∞,-∞,-∞,-∞,-∞,-∞,-∞,-∞,-∞,-∞,-∞,-∞,-∞,-∞,-∞,-∞,-∞,-∞,-∞,-∞,-∞,-∞,-∞,-∞,-∞,-∞,-∞,-∞,-∞,-∞,-∞,-∞,-∞,-∞,-∞,-∞,-∞,-∞,-∞,-∞,-∞,-∞,-∞,-∞,-∞,-∞,-∞,-∞,-∞,-∞,-∞,-∞,-∞,-∞,-∞,-∞,-∞,-∞,-∞,-∞,-∞,-∞,-∞,-∞,-∞,-∞,-∞,-∞,-∞,-∞,-∞,-∞,-∞,-∞,-∞,-∞,-∞,-∞,-∞,-∞,-∞,-∞,-∞,-∞,-∞,-∞,-∞,-∞,-∞,-∞,-∞,-∞,-∞,-∞,-∞,-∞,-∞,-∞,-∞,-∞,-∞,-∞,-∞,-∞,-∞,-∞,-∞,-∞,-∞,-∞,-∞,-∞,-∞,-∞,-∞,-∞,-∞,-∞,-∞,-∞,-∞,-∞,-∞,-∞,-∞,-∞,-∞,-∞,-∞,-∞,-∞,-∞,-∞,-∞,-∞,-∞,-∞,-∞,-∞,-∞,-∞,-∞,-∞,-∞,-∞,-∞,-∞,-∞,-∞,-∞,-∞,-∞,-∞,-∞,-∞,-∞,-∞,-∞,-∞,-∞,-∞,-∞,-∞,-∞,-∞,-∞,-∞,-∞,-∞,-∞,-∞,-∞,-∞,-∞,-∞,-∞,-∞,-∞,-∞,-∞,-∞,-∞,-∞,-∞,-∞,-∞,-∞,-∞,-∞,-∞,-∞,-∞,-∞,-∞,-∞,-∞,-∞,-∞,-∞,-∞,-∞,-∞,-∞,-∞,-∞,-∞,-∞,-∞,-∞,-∞,-∞,-∞,-∞,-∞,-∞,-∞,-∞,-∞,-∞,-∞,-∞,-∞,-∞,-∞,-∞,-∞,-∞,-∞,-∞,-∞,-∞,-∞,-∞,-∞,-∞,-∞,-∞,-∞,-∞,-∞,-∞,-∞,-∞,-∞,-∞,-∞,-∞,-∞,-∞,-∞,-∞,-∞,-∞,-∞,-∞,-∞,-∞,-∞,-∞,-∞,-∞,-∞,-∞,-∞,-∞,-∞,-∞,-∞,-∞,-∞,-∞,-∞,-∞,-∞,-∞,-∞,-∞,-∞,-∞,-∞,-∞,-∞,-∞,-∞,-∞,-∞,-∞,-∞,-∞,-∞,-∞,-∞,-∞,-∞,-∞,-∞,-∞,-∞,-∞,-∞,-∞,-∞,-∞,-∞,-∞,-∞,-∞,-∞,-∞,-∞,-∞,-∞,-∞,-∞,-∞,-∞,-∞,-∞,-∞,-∞,-∞,-∞,-∞,-∞,-∞,-∞,-∞,-∞,-∞,-∞,-∞,-∞,-∞,-∞,-∞,-∞,-∞,-∞,-∞,-∞,-∞,-∞,-∞,-∞,-∞,-∞,-∞,-∞,-∞,-∞,-∞,-∞,-∞,-∞,-∞,-∞,-∞,-∞,-∞,-∞,-∞,-∞,-∞,-∞,-∞,-∞,-∞,-∞,-∞,-∞,-∞,-∞,-∞,-∞,-∞,-∞,-∞,-∞,-∞,-∞,-∞,-∞,-∞,-∞,-∞,-∞,-∞,-∞,-∞,-∞,-∞,-∞,-∞,-∞,-∞,-∞,-∞,-∞,-∞,-∞,-∞,-∞,-∞,-∞,-∞,-∞,-∞,-∞,-∞,-∞,-∞,-∞,-∞,-∞,-∞,-∞,-∞,-∞,-∞,-∞,-∞,-∞,-∞,-∞,-∞,-∞,-∞,-∞,-∞,-∞,-∞,-∞,-∞,-∞
0,0,-∞,-∞,-∞,-∞,-∞,-∞,-∞,-∞,-∞,-∞,-∞,-∞,-∞,-∞,-∞,-∞,-∞,-∞,-∞,-∞,-∞,-∞,-∞,-∞,-∞,-∞,-∞,-∞,-∞,-∞,-∞,-∞,-∞,-∞,-∞,-∞,-∞,-∞,-∞,-∞,-∞,-∞,-∞,-∞,-∞,-∞,-∞,-∞,-∞,-∞,-∞,-∞,-∞,-∞,-∞,-∞,-∞,-∞,-∞,-∞,-∞,-∞,-∞,-∞,-∞,-∞,-∞,-∞,-∞,-∞,-∞,-∞,-∞,-∞,-∞,-∞,-∞,-∞,-∞,-∞,-∞,-∞,-∞,-∞,-∞,-∞,-∞,-∞,-∞,-∞,-∞,-∞,-∞,-∞,-∞,-∞,-∞,-∞,-∞,-∞,-∞,-∞,-∞,-∞,-∞,-∞,-∞,-∞,-∞,-∞,-∞,-∞,-∞,-∞,-∞,-∞,-∞,-∞,-∞,-∞,-∞,-∞,-∞,-∞,-∞,-∞,-∞,-∞,-∞,-∞,-∞,-∞,-∞,-∞,-∞,-∞,-∞,-∞,-∞,-∞,-∞,-∞,-∞,-∞,-∞,-∞,-∞,-∞,-∞,-∞,-∞,-∞,-∞,-∞,-∞,-∞,-∞,-∞,-∞,-∞,-∞,-∞,-∞,-∞,-∞,-∞,-∞,-∞,-∞,-∞,-∞,-∞,-∞,-∞,-∞,-∞,-∞,-∞,-∞,-∞,-∞,-∞,-∞,-∞,-∞,-∞,-∞,-∞,-∞,-∞,-∞,-∞,-∞,-∞,-∞,-∞,-∞,-∞,-∞,-∞,-∞,-∞,-∞,-∞,-∞,-∞,-∞,-∞,-∞,-∞,-∞,-∞,-∞,-∞,-∞,-∞,-∞,-∞,-∞,-∞,-∞,-∞,-∞,-∞,-∞,-∞,-∞,-∞,-∞,-∞,-∞,-∞,-∞,-∞,-∞,-∞,-∞,-∞,-∞,-∞,-∞,-∞,-∞,-∞,-∞,-∞,-∞,-∞,-∞,-∞,-∞,-∞,-∞,-∞,-∞,-∞,-∞,-∞,-∞,-∞,-∞,-∞,-∞,-∞,-∞,-∞,-∞,-∞,-∞,-∞,-∞,-∞,-∞,-∞,-∞,-∞,-∞,-∞,-∞,-∞,-∞,-∞,-∞,-∞,-∞,-∞,-∞,-∞,-∞,-∞,-∞,-∞,-∞,-∞,-∞,-∞,-∞,-∞,-∞,-∞,-∞,-∞,-∞,-∞,-∞,-∞,-∞,-∞,-∞,-∞,-∞,-∞,-∞,-∞,-∞,-∞,-∞,-∞,-∞,-∞,-∞,-∞,-∞,-∞,-∞,-∞,-∞,-∞,-∞,-∞,-∞,-∞,-∞,-∞,-∞,-∞,-∞,-∞,-∞,-∞,-∞,-∞,-∞,-∞,-∞,-∞,-∞,-∞,-∞,-∞,-∞,-∞,-∞,-∞,-∞,-∞,-∞,-∞,-∞,-∞,-∞,-∞,-∞,-∞,-∞,-∞,-∞,-∞,-∞,-∞,-∞,-∞,-∞,-∞,-∞,-∞,-∞,-∞,-∞,-∞,-∞,-∞,-∞,-∞,-∞,-∞,-∞,-∞,-∞,-∞,-∞,-∞,-∞,-∞,-∞,-∞,-∞,-∞,-∞,-∞,-∞,-∞,-∞,-∞,-∞,-∞,-∞,-∞,-∞,-∞,-∞,-∞,-∞,-∞,-∞,-∞,-∞,-∞,-∞,-∞,-∞,-∞,-∞,-∞,-∞,-∞,-∞,-∞,-∞,-∞,-∞,-∞,-∞,-∞,-∞,-∞,-∞,-∞,-∞,-∞,-∞,-∞,-∞,-∞,-∞,-∞,-∞,-∞,-∞,-∞,-∞,-∞,-∞,-∞,-∞,-∞,-∞,-∞,-∞,-∞,-∞,-∞,-∞,-∞,-∞,-∞,-∞,-∞,-∞,-∞,-∞,-∞,-∞,-∞,-∞,-∞,-∞,-∞,-∞,-∞,-∞,-∞,-∞,-∞,-∞,-∞,-∞,-∞,-∞,-∞,-∞,-∞,-∞,-∞,-∞,-∞,-∞,-∞
0,0,0,-∞,-∞,-∞,-∞,-∞,-∞,-∞,-∞,-∞,-∞,-∞,-∞,-∞,-∞,-∞,-∞,-∞,-∞,-∞,-∞,-∞,-∞,-∞,-∞,-∞,-∞,-∞,-∞,-∞,-∞,-∞,-∞,-∞,-∞,-∞,-∞,-∞,-∞,-∞,-∞,-∞,-∞,-∞,-∞,-∞,-∞,-∞,-∞,-∞,-∞,-∞,-∞,-∞,-∞,-∞,-∞,-∞,-∞,-∞,-∞,-∞,-∞,-∞,-∞,-∞,-∞,-∞,-∞,-∞,-∞,-∞,-∞,-∞,-∞,-∞,-∞,-∞,-∞,-∞,-∞,-∞,-∞,-∞,-∞,-∞,-∞,-∞,-∞,-∞,-∞,-∞,-∞,-∞,-∞,-∞,-∞,-∞,-∞,-∞,-∞,-∞,-∞,-∞,-∞,-∞,-∞,-∞,-∞,-∞,-∞,-∞,-∞,-∞,-∞,-∞,-∞,-∞,-∞,-∞,-∞,-∞,-∞,-∞,-∞,-∞,-∞,-∞,-∞,-∞,-∞,-∞,-∞,-∞,-∞,-∞,-∞,-∞,-∞,-∞,-∞,-∞,-∞,-∞,-∞,-∞,-∞,-∞,-∞,-∞,-∞,-∞,-∞,-∞,-∞,-∞,-∞,-∞,-∞,-∞,-∞,-∞,-∞,-∞,-∞,-∞,-∞,-∞,-∞,-∞,-∞,-∞,-∞,-∞,-∞,-∞,-∞,-∞,-∞,-∞,-∞,-∞,-∞,-∞,-∞,-∞,-∞,-∞,-∞,-∞,-∞,-∞,-∞,-∞,-∞,-∞,-∞,-∞,-∞,-∞,-∞,-∞,-∞,-∞,-∞,-∞,-∞,-∞,-∞,-∞,-∞,-∞,-∞,-∞,-∞,-∞,-∞,-∞,-∞,-∞,-∞,-∞,-∞,-∞,-∞,-∞,-∞,-∞,-∞,-∞,-∞,-∞,-∞,-∞,-∞,-∞,-∞,-∞,-∞,-∞,-∞,-∞,-∞,-∞,-∞,-∞,-∞,-∞,-∞,-∞,-∞,-∞,-∞,-∞,-∞,-∞,-∞,-∞,-∞,-∞,-∞,-∞,-∞,-∞,-∞,-∞,-∞,-∞,-∞,-∞,-∞,-∞,-∞,-∞,-∞,-∞,-∞,-∞,-∞,-∞,-∞,-∞,-∞,-∞,-∞,-∞,-∞,-∞,-∞,-∞,-∞,-∞,-∞,-∞,-∞,-∞,-∞,-∞,-∞,-∞,-∞,-∞,-∞,-∞,-∞,-∞,-∞,-∞,-∞,-∞,-∞,-∞,-∞,-∞,-∞,-∞,-∞,-∞,-∞,-∞,-∞,-∞,-∞,-∞,-∞,-∞,-∞,-∞,-∞,-∞,-∞,-∞,-∞,-∞,-∞,-∞,-∞,-∞,-∞,-∞,-∞,-∞,-∞,-∞,-∞,-∞,-∞,-∞,-∞,-∞,-∞,-∞,-∞,-∞,-∞,-∞,-∞,-∞,-∞,-∞,-∞,-∞,-∞,-∞,-∞,-∞,-∞,-∞,-∞,-∞,-∞,-∞,-∞,-∞,-∞,-∞,-∞,-∞,-∞,-∞,-∞,-∞,-∞,-∞,-∞,-∞,-∞,-∞,-∞,-∞,-∞,-∞,-∞,-∞,-∞,-∞,-∞,-∞,-∞,-∞,-∞,-∞,-∞,-∞,-∞,-∞,-∞,-∞,-∞,-∞,-∞,-∞,-∞,-∞,-∞,-∞,-∞,-∞,-∞,-∞,-∞,-∞,-∞,-∞,-∞,-∞,-∞,-∞,-∞,-∞,-∞,-∞,-∞,-∞,-∞,-∞,-∞,-∞,-∞,-∞,-∞,-∞,-∞,-∞,-∞,-∞,-∞,-∞,-∞,-∞,-∞,-∞,-∞,-∞,-∞,-∞,-∞,-∞,-∞,-∞,-∞,-∞,-∞,-∞,-∞,-∞,-∞,-∞,-∞,-∞,-∞,-∞,-∞,-∞,-∞,-∞,-∞,-∞,-∞,-∞,-∞,-∞,-∞,-∞,-∞,-∞,-∞,-∞,-∞,-∞,-∞,-∞,-∞,-∞,-∞,-∞,-∞,-∞
0.6931471805599453,0.5493061443340549,0.46209812037329684,0.40235947810852507,0.32188758248682003,-∞,-∞,-∞,-∞,-∞,-∞,-∞,-∞,-∞,-∞,-∞,-∞,-∞,-∞,-∞,-∞,-∞,-∞,-∞,-∞,-∞,-∞,-∞,-∞,-∞,-∞,-∞,-∞,-∞,-∞,-∞,-∞,-∞,-∞,-∞,-∞,-∞,-∞,-∞,-∞,-∞,-∞,-∞,-∞,-∞,-∞,-∞,-∞,-∞,-∞,-∞,-∞,-∞,-∞,-∞,-∞,-∞,-∞,-∞,-∞,-∞,-∞,-∞,-∞,-∞,-∞,-∞,-∞,-∞,-∞,-∞,-∞,-∞,-∞,-∞,-∞,-∞,-∞,-∞,-∞,-∞,-∞,-∞,-∞,-∞,-∞,-∞,-∞,-∞,-∞,-∞,-∞,-∞,-∞,-∞,-∞,-∞,-∞,-∞,-∞,-∞,-∞,-∞,-∞,-∞,-∞,-∞,-∞,-∞,-∞,-∞,-∞,-∞,-∞,-∞,-∞,-∞,-∞,-∞,-∞,-∞,-∞,-∞,-∞,-∞,-∞,-∞,-∞,-∞,-∞,-∞,-∞,-∞,-∞,-∞,-∞,-∞,-∞,-∞,-∞,-∞,-∞,-∞,-∞,-∞,-∞,-∞,-∞,-∞,-∞,-∞,-∞,-∞,-∞,-∞,-∞,-∞,-∞,-∞,-∞,-∞,-∞,-∞,-∞,-∞,-∞,-∞,-∞,-∞,-∞,-∞,-∞,-∞,-∞,-∞,-∞,-∞,-∞,-∞,-∞,-∞,-∞,-∞,-∞,-∞,-∞,-∞,-∞,-∞,-∞,-∞,-∞,-∞,-∞,-∞,-∞,-∞,-∞,-∞,-∞,-∞,-∞,-∞,-∞,-∞,-∞,-∞,-∞,-∞,-∞,-∞,-∞,-∞,-∞,-∞,-∞,-∞,-∞,-∞,-∞,-∞,-∞,-∞,-∞,-∞,-∞,-∞,-∞,-∞,-∞,-∞,-∞,-∞,-∞,-∞,-∞,-∞,-∞,-∞,-∞,-∞,-∞,-∞,-∞,-∞,-∞,-∞,-∞,-∞,-∞,-∞,-∞,-∞,-∞,-∞,-∞,-∞,-∞,-∞,-∞,-∞,-∞,-∞,-∞,-∞,-∞,-∞,-∞,-∞,-∞,-∞,-∞,-∞,-∞,-∞,-∞,-∞,-∞,-∞,-∞,-∞,-∞,-∞,-∞,-∞,-∞,-∞,-∞,-∞,-∞,-∞,-∞,-∞,-∞,-∞,-∞,-∞,-∞,-∞,-∞,-∞,-∞,-∞,-∞,-∞,-∞,-∞,-∞,-∞,-∞,-∞,-∞,-∞,-∞,-∞,-∞,-∞,-∞,-∞,-∞,-∞,-∞,-∞,-∞,-∞,-∞,-∞,-∞,-∞,-∞,-∞,-∞,-∞,-∞,-∞,-∞,-∞,-∞,-∞,-∞,-∞,-∞,-∞,-∞,-∞,-∞,-∞,-∞,-∞,-∞,-∞,-∞,-∞,-∞,-∞,-∞,-∞,-∞,-∞,-∞,-∞,-∞,-∞,-∞,-∞,-∞,-∞,-∞,-∞,-∞,-∞,-∞,-∞,-∞,-∞,-∞,-∞,-∞,-∞,-∞,-∞,-∞,-∞,-∞,-∞,-∞,-∞,-∞,-∞,-∞,-∞,-∞,-∞,-∞,-∞,-∞,-∞,-∞,-∞,-∞,-∞,-∞,-∞,-∞,-∞,-∞,-∞,-∞,-∞,-∞,-∞,-∞,-∞,-∞,-∞,-∞,-∞,-∞,-∞,-∞,-∞,-∞,-∞,-∞,-∞,-∞,-∞,-∞,-∞,-∞,-∞,-∞,-∞,-∞,-∞,-∞,-∞,-∞,-∞,-∞,-∞,-∞,-∞,-∞,-∞,-∞,-∞,-∞,-∞,-∞,-∞,-∞,-∞,-∞,-∞,-∞,-∞,-∞,-∞,-∞,-∞,-∞,-∞,-∞,-∞,-∞,-∞,-∞,-∞,-∞,-∞,-∞,-∞,-∞,-∞,-∞,-∞,-∞,-∞,-∞,-∞,-∞,-∞,-∞,-∞,-∞,-∞,-∞,-∞,-∞,-∞,-∞,-∞,-∞,-∞
0,0,0,0,-∞,-∞,-∞,-∞,-∞,-∞,-∞,-∞,-∞,-∞,-∞,-∞,-∞,-∞,-∞,-∞,-∞,-∞,-∞,-∞,-∞,-∞,-∞,-∞,-∞,-∞,-∞,-∞,-∞,-∞,-∞,-∞,-∞,-∞,-∞,-∞,-∞,-∞,-∞,-∞,-∞,-∞,-∞,-∞,-∞,-∞,-∞,-∞,-∞,-∞,-∞,-∞,-∞,-∞,-∞,-∞,-∞,-∞,-∞,-∞,-∞,-∞,-∞,-∞,-∞,-∞,-∞,-∞,-∞,-∞,-∞,-∞,-∞,-∞,-∞,-∞,-∞,-∞,-∞,-∞,-∞,-∞,-∞,-∞,-∞,-∞,-∞,-∞,-∞,-∞,-∞,-∞,-∞,-∞,-∞,-∞,-∞,-∞,-∞,-∞,-∞,-∞,-∞,-∞,-∞,-∞,-∞,-∞,-∞,-∞,-∞,-∞,-∞,-∞,-∞,-∞,-∞,-∞,-∞,-∞,-∞,-∞,-∞,-∞,-∞,-∞,-∞,-∞,-∞,-∞,-∞,-∞,-∞,-∞,-∞,-∞,-∞,-∞,-∞,-∞,-∞,-∞,-∞,-∞,-∞,-∞,-∞,-∞,-∞,-∞,-∞,-∞,-∞,-∞,-∞,-∞,-∞,-∞,-∞,-∞,-∞,-∞,-∞,-∞,-∞,-∞,-∞,-∞,-∞,-∞,-∞,-∞,-∞,-∞,-∞,-∞,-∞,-∞,-∞,-∞,-∞,-∞,-∞,-∞,-∞,-∞,-∞,-∞,-∞,-∞,-∞,-∞,-∞,-∞,-∞,-∞,-∞,-∞,-∞,-∞,-∞,-∞,-∞,-∞,-∞,-∞,-∞,-∞,-∞,-∞,-∞,-∞,-∞,-∞,-∞,-∞,-∞,-∞,-∞,-∞,-∞,-∞,-∞,-∞,-∞,-∞,-∞,-∞,-∞,-∞,-∞,-∞,-∞,-∞,-∞,-∞,-∞,-∞,-∞,-∞,-∞,-∞,-∞,-∞,-∞,-∞,-∞,-∞,-∞,-∞,-∞,-∞,-∞,-∞,-∞,-∞,-∞,-∞,-∞,-∞,-∞,-∞,-∞,-∞,-∞,-∞,-∞,-∞,-∞,-∞,-∞,-∞,-∞,-∞,-∞,-∞,-∞,-∞,-∞,-∞,-∞,-∞,-∞,-∞,-∞,-∞,-∞,-∞,-∞,-∞,-∞,-∞,-∞,-∞,-∞,-∞,-∞,-∞,-∞,-∞,-∞,-∞,-∞,-∞,-∞,-∞,-∞,-∞,-∞,-∞,-∞,-∞,-∞,-∞,-∞,-∞,-∞,-∞,-∞,-∞,-∞,-∞,-∞,-∞,-∞,-∞,-∞,-∞,-∞,-∞,-∞,-∞,-∞,-∞,-∞,-∞,-∞,-∞,-∞,-∞,-∞,-∞,-∞,-∞,-∞,-∞,-∞,-∞,-∞,-∞,-∞,-∞,-∞,-∞,-∞,-∞,-∞,-∞,-∞,-∞,-∞,-∞,-∞,-∞,-∞,-∞,-∞,-∞,-∞,-∞,-∞,-∞,-∞,-∞,-∞,-∞,-∞,-∞,-∞,-∞,-∞,-∞,-∞,-∞,-∞,-∞,-∞,-∞,-∞,-∞,-∞,-∞,-∞,-∞,-∞,-∞,-∞,-∞,-∞,-∞,-∞,-∞,-∞,-∞,-∞,-∞,-∞,-∞,-∞,-∞,-∞,-∞,-∞,-∞,-∞,-∞,-∞,-∞,-∞,-∞,-∞,-∞,-∞,-∞,-∞,-∞,-∞,-∞,-∞,-∞,-∞,-∞,-∞,-∞,-∞,-∞,-∞,-∞,-∞,-∞,-∞,-∞,-∞,-∞,-∞,-∞,-∞,-∞,-∞,-∞,-∞,-∞,-∞,-∞,-∞,-∞,-∞,-∞,-∞,-∞,-∞,-∞,-∞,-∞,-∞,-∞,-∞,-∞,-∞,-∞,-∞,-∞,-∞,-∞,-∞,-∞,-∞,-∞,-∞,-∞,-∞,-∞,-∞,-∞,-∞,-∞,-∞,-∞,-∞,-∞,-∞,-∞,-∞,-∞,-∞,-∞
0,-∞,-∞,-∞,-∞,-∞,-∞,-∞,-∞,-∞,-∞,-∞,-∞,-∞,-∞,-∞,-∞,-∞,-∞,-∞,-∞,-∞,-∞,-∞,-∞,-∞,-∞,-∞,-∞,-∞,-∞,-∞,-∞,-∞,-∞,-∞,-∞,-∞,-∞,-∞,-∞,-∞,-∞,-∞,-∞,-∞,-∞,-∞,-∞,-∞,-∞,-∞,-∞,-∞,-∞,-∞,-∞,-∞,-∞,-∞,-∞,-∞,-∞,-∞,-∞,-∞,-∞,-∞,-∞,-∞,-∞,-∞,-∞,-∞,-∞,-∞,-∞,-∞,-∞,-∞,-∞,-∞,-∞,-∞,-∞,-∞,-∞,-∞,-∞,-∞,-∞,-∞,-∞,-∞,-∞,-∞,-∞,-∞,-∞,-∞,-∞,-∞,-∞,-∞,-∞,-∞,-∞,-∞,-∞,-∞,-∞,-∞,-∞,-∞,-∞,-∞,-∞,-∞,-∞,-∞,-∞,-∞,-∞,-∞,-∞,-∞,-∞,-∞,-∞,-∞,-∞,-∞,-∞,-∞,-∞,-∞,-∞,-∞,-∞,-∞,-∞,-∞,-∞,-∞,-∞,-∞,-∞,-∞,-∞,-∞,-∞,-∞,-∞,-∞,-∞,-∞,-∞,-∞,-∞,-∞,-∞,-∞,-∞,-∞,-∞,-∞,-∞,-∞,-∞,-∞,-∞,-∞,-∞,-∞,-∞,-∞,-∞,-∞,-∞,-∞,-∞,-∞,-∞,-∞,-∞,-∞,-∞,-∞,-∞,-∞,-∞,-∞,-∞,-∞,-∞,-∞,-∞,-∞,-∞,-∞,-∞,-∞,-∞,-∞,-∞,-∞,-∞,-∞,-∞,-∞,-∞,-∞,-∞,-∞,-∞,-∞,-∞,-∞,-∞,-∞,-∞,-∞,-∞,-∞,-∞,-∞,-∞,-∞,-∞,-∞,-∞,-∞,-∞,-∞,-∞,-∞,-∞,-∞,-∞,-∞,-∞,-∞,-∞,-∞,-∞,-∞,-∞,-∞,-∞,-∞,-∞,-∞,-∞,-∞,-∞,-∞,-∞,-∞,-∞,-∞,-∞,-∞,-∞,-∞,-∞,-∞,-∞,-∞,-∞,-∞,-∞,-∞,-∞,-∞,-∞,-∞,-∞,-∞,-∞,-∞,-∞,-∞,-∞,-∞,-∞,-∞,-∞,-∞,-∞,-∞,-∞,-∞,-∞,-∞,-∞,-∞,-∞,-∞,-∞,-∞,-∞,-∞,-∞,-∞,-∞,-∞,-∞,-∞,-∞,-∞,-∞,-∞,-∞,-∞,-∞,-∞,-∞,-∞,-∞,-∞,-∞,-∞,-∞,-∞,-∞,-∞,-∞,-∞,-∞,-∞,-∞,-∞,-∞,-∞,-∞,-∞,-∞,-∞,-∞,-∞,-∞,-∞,-∞,-∞,-∞,-∞,-∞,-∞,-∞,-∞,-∞,-∞,-∞,-∞,-∞,-∞,-∞,-∞,-∞,-∞,-∞,-∞,-∞,-∞,-∞,-∞,-∞,-∞,-∞,-∞,-∞,-∞,-∞,-∞,-∞,-∞,-∞,-∞,-∞,-∞,-∞,-∞,-∞,-∞,-∞,-∞,-∞,-∞,-∞,-∞,-∞,-∞,-∞,-∞,-∞,-∞,-∞,-∞,-∞,-∞,-∞,-∞,-∞,-∞,-∞,-∞,-∞,-∞,-∞,-∞,-∞,-∞,-∞,-∞,-∞,-∞,-∞,-∞,-∞,-∞,-∞,-∞,-∞,-∞,-∞,-∞,-∞,-∞,-∞,-∞,-∞,-∞,-∞,-∞,-∞,-∞,-∞,-∞,-∞,-∞,-∞,-∞,-∞,-∞,-∞,-∞,-∞,-∞,-∞,-∞,-∞,-∞,-∞,-∞,-∞,-∞,-∞,-∞,-∞,-∞,-∞,-∞,-∞,-∞,-∞,-∞,-∞,-∞,-∞,-∞,-∞,-∞,-∞,-∞,-∞,-∞,-∞,-∞,-∞,-∞,-∞,-∞,-∞,-∞,-∞,-∞,-∞,-∞,-∞,-∞,-∞,-∞,-∞,-∞,-∞,-∞,-∞,-∞,-∞,-∞
0,0,0,-∞,-∞,-∞,-∞,-∞,-∞,-∞,-∞,-∞,-∞,-∞,-∞,-∞,-∞,-∞,-∞,-∞,-∞,-∞,-∞,-∞,-∞,-∞,-∞,-∞,-∞,-∞,-∞,-∞,-∞,-∞,-∞,-∞,-∞,-∞,-∞,-∞,-∞,-∞,-∞,-∞,-∞,-∞,-∞,-∞,-∞,-∞,-∞,-∞,-∞,-∞,-∞,-∞,-∞,-∞,-∞,-∞,-∞,-∞,-∞,-∞,-∞,-∞,-∞,-∞,-∞,-∞,-∞,-∞,-∞,-∞,-∞,-∞,-∞,-∞,-∞,-∞,-∞,-∞,-∞,-∞,-∞,-∞,-∞,-∞,-∞,-∞,-∞,-∞,-∞,-∞,-∞,-∞,-∞,-∞,-∞,-∞,-∞,-∞,-∞,-∞,-∞,-∞,-∞,-∞,-∞,-∞,-∞,-∞,-∞,-∞,-∞,-∞,-∞,-∞,-∞,-∞,-∞,-∞,-∞,-∞,-∞,-∞,-∞,-∞,-∞,-∞,-∞,-∞,-∞,-∞,-∞,-∞,-∞,-∞,-∞,-∞,-∞,-∞,-∞,-∞,-∞,-∞,-∞,-∞,-∞,-∞,-∞,-∞,-∞,-∞,-∞,-∞,-∞,-∞,-∞,-∞,-∞,-∞,-∞,-∞,-∞,-∞,-∞,-∞,-∞,-∞,-∞,-∞,-∞,-∞,-∞,-∞,-∞,-∞,-∞,-∞,-∞,-∞,-∞,-∞,-∞,-∞,-∞,-∞,-∞,-∞,-∞,-∞,-∞,-∞,-∞,-∞,-∞,-∞,-∞,-∞,-∞,-∞,-∞,-∞,-∞,-∞,-∞,-∞,-∞,-∞,-∞,-∞,-∞,-∞,-∞,-∞,-∞,-∞,-∞,-∞,-∞,-∞,-∞,-∞,-∞,-∞,-∞,-∞,-∞,-∞,-∞,-∞,-∞,-∞,-∞,-∞,-∞,-∞,-∞,-∞,-∞,-∞,-∞,-∞,-∞,-∞,-∞,-∞,-∞,-∞,-∞,-∞,-∞,-∞,-∞,-∞,-∞,-∞,-∞,-∞,-∞,-∞,-∞,-∞,-∞,-∞,-∞,-∞,-∞,-∞,-∞,-∞,-∞,-∞,-∞,-∞,-∞,-∞,-∞,-∞,-∞,-∞,-∞,-∞,-∞,-∞,-∞,-∞,-∞,-∞,-∞,-∞,-∞,-∞,-∞,-∞,-∞,-∞,-∞,-∞,-∞,-∞,-∞,-∞,-∞,-∞,-∞,-∞,-∞,-∞,-∞,-∞,-∞,-∞,-∞,-∞,-∞,-∞,-∞,-∞,-∞,-∞,-∞,-∞,-∞,-∞,-∞,-∞,-∞,-∞,-∞,-∞,-∞,-∞,-∞,-∞,-∞,-∞,-∞,-∞,-∞,-∞,-∞,-∞,-∞,-∞,-∞,-∞,-∞,-∞,-∞,-∞,-∞,-∞,-∞,-∞,-∞,-∞,-∞,-∞,-∞,-∞,-∞,-∞,-∞,-∞,-∞,-∞,-∞,-∞,-∞,-∞,-∞,-∞,-∞,-∞,-∞,-∞,-∞,-∞,-∞,-∞,-∞,-∞,-∞,-∞,-∞,-∞,-∞,-∞,-∞,-∞,-∞,-∞,-∞,-∞,-∞,-∞,-∞,-∞,-∞,-∞,-∞,-∞,-∞,-∞,-∞,-∞,-∞,-∞,-∞,-∞,-∞,-∞,-∞,-∞,-∞,-∞,-∞,-∞,-∞,-∞,-∞,-∞,-∞,-∞,-∞,-∞,-∞,-∞,-∞,-∞,-∞,-∞,-∞,-∞,-∞,-∞,-∞,-∞,-∞,-∞,-∞,-∞,-∞,-∞,-∞,-∞,-∞,-∞,-∞,-∞,-∞,-∞,-∞,-∞,-∞,-∞,-∞,-∞,-∞,-∞,-∞,-∞,-∞,-∞,-∞,-∞,-∞,-∞,-∞,-∞,-∞,-∞,-∞,-∞,-∞,-∞,-∞,-∞,-∞,-∞,-∞,-∞,-∞,-∞,-∞,-∞,-∞,-∞,-∞,-∞,-∞,-∞,-∞,-∞,-∞,-∞,-∞,-∞
-∞,-∞,-∞,-∞,-∞,-∞,-∞,-∞,-∞,-∞,-∞,-∞,-∞,-∞,-∞,-∞,-∞,-∞,-∞,-∞,-∞,-∞,-∞,-∞,-∞,-∞,-∞,-∞,-∞,-∞,-∞,-∞,-∞,-∞,-∞,-∞,-∞,-∞,-∞,-∞,-∞,-∞,-∞,-∞,-∞,-∞,-∞,-∞,-∞,-∞,-∞,-∞,-∞,-∞,-∞,-∞,-∞,-∞,-∞,-∞,-∞,-∞,-∞,-∞,-∞,-∞,-∞,-∞,-∞,-∞,-∞,-∞,-∞,-∞,-∞,-∞,-∞,-∞,-∞,-∞,-∞,-∞,-∞,-∞,-∞,-∞,-∞,-∞,-∞,-∞,-∞,-∞,-∞,-∞,-∞,-∞,-∞,-∞,-∞,-∞,-∞,-∞,-∞,-∞,-∞,-∞,-∞,-∞,-∞,-∞,-∞,-∞,-∞,-∞,-∞,-∞,-∞,-∞,-∞,-∞,-∞,-∞,-∞,-∞,-∞,-∞,-∞,-∞,-∞,-∞,-∞,-∞,-∞,-∞,-∞,-∞,-∞,-∞,-∞,-∞,-∞,-∞,-∞,-∞,-∞,-∞,-∞,-∞,-∞,-∞,-∞,-∞,-∞,-∞,-∞,-∞,-∞,-∞,-∞,-∞,-∞,-∞,-∞,-∞,-∞,-∞,-∞,-∞,-∞,-∞,-∞,-∞,-∞,-∞,-∞,-∞,-∞,-∞,-∞,-∞,-∞,-∞,-∞,-∞,-∞,-∞,-∞,-∞,-∞,-∞,-∞,-∞,-∞,-∞,-∞,-∞,-∞,-∞,-∞,-∞,-∞,-∞,-∞,-∞,-∞,-∞,-∞,-∞,-∞,-∞,-∞,-∞,-∞,-∞,-∞,-∞,-∞,-∞,-∞,-∞,-∞,-∞,-∞,-∞,-∞,-∞,-∞,-∞,-∞,-∞,-∞,-∞,-∞,-∞,-∞,-∞,-∞,-∞,-∞,-∞,-∞,-∞,-∞,-∞,-∞,-∞,-∞,-∞,-∞,-∞,-∞,-∞,-∞,-∞,-∞,-∞,-∞,-∞,-∞,-∞,-∞,-∞,-∞,-∞,-∞,-∞,-∞,-∞,-∞,-∞,-∞,-∞,-∞,-∞,-∞,-∞,-∞,-∞,-∞,-∞,-∞,-∞,-∞,-∞,-∞,-∞,-∞,-∞,-∞,-∞,-∞,-∞,-∞,-∞,-∞,-∞,-∞,-∞,-∞,-∞,-∞,-∞,-∞,-∞,-∞,-∞,-∞,-∞,-∞,-∞,-∞,-∞,-∞,-∞,-∞,-∞,-∞,-∞,-∞,-∞,-∞,-∞,-∞,-∞,-∞,-∞,-∞,-∞,-∞,-∞,-∞,-∞,-∞,-∞,-∞,-∞,-∞,-∞,-∞,-∞,-∞,-∞,-∞,-∞,-∞,-∞,-∞,-∞,-∞,-∞,-∞,-∞,-∞,-∞,-∞,-∞,-∞,-∞,-∞,-∞,-∞,-∞,-∞,-∞,-∞,-∞,-∞,-∞,-∞,-∞,-∞,-∞,-∞,-∞,-∞,-∞,-∞,-∞,-∞,-∞,-∞,-∞,-∞,-∞,-∞,-∞,-∞,-∞,-∞,-∞,-∞,-∞,-∞,-∞,-∞,-∞,-∞,-∞,-∞,-∞,-∞,-∞,-∞,-∞,-∞,-∞,-∞,-∞,-∞,-∞,-∞,-∞,-∞,-∞,-∞,-∞,-∞,-∞,-∞,-∞,-∞,-∞,-∞,-∞,-∞,-∞,-∞,-∞,-∞,-∞,-∞,-∞,-∞,-∞,-∞,-∞,-∞,-∞,-∞,-∞,-∞,-∞,-∞,-∞,-∞,-∞,-∞,-∞,-∞,-∞,-∞,-∞,-∞,-∞,-∞,-∞,-∞,-∞,-∞,-∞,-∞,-∞,-∞,-∞,-∞,-∞,-∞,-∞,-∞,-∞,-∞,-∞,-∞,-∞,-∞,-∞,-∞,-∞,-∞,-∞,-∞,-∞,-∞,-∞,-∞,-∞,-∞,-∞,-∞,-∞,-∞,-∞,-∞,-∞,-∞,-∞,-∞,-∞,-∞,-∞
-∞,-∞,-∞,-∞,-∞,-∞,-∞,-∞,-∞,-∞,-∞,-∞,-∞,-∞,-∞,-∞,-∞,-∞,-∞,-∞,-∞,-∞,-∞,-∞,-∞,-∞,-∞,-∞,-∞,-∞,-∞,-∞,-∞,-∞,-∞,-∞,-∞,-∞,-∞,-∞,-∞,-∞,-∞,-∞,-∞,-∞,-∞,-∞,-∞,-∞,-∞,-∞,-∞,-∞,-∞,-∞,-∞,-∞,-∞,-∞,-∞,-∞,-∞,-∞,-∞,-∞,-∞,-∞,-∞,-∞,-∞,-∞,-∞,-∞,-∞,-∞,-∞,-∞,-∞,-∞,-∞,-∞,-∞,-∞,-∞,-∞,-∞,-∞,-∞,-∞,-∞,-∞,-∞,-∞,-∞,-∞,-∞,-∞,-∞,-∞,-∞,-∞,-∞,-∞,-∞,-∞,-∞,-∞,-∞,-∞,-∞,-∞,-∞,-∞,-∞,-∞,-∞,-∞,-∞,-∞,-∞,-∞,-∞,-∞,-∞,-∞,-∞,-∞,-∞,-∞,-∞,-∞,-∞,-∞,-∞,-∞,-∞,-∞,-∞,-∞,-∞,-∞,-∞,-∞,-∞,-∞,-∞,-∞,-∞,-∞,-∞,-∞,-∞,-∞,-∞,-∞,-∞,-∞,-∞,-∞,-∞,-∞,-∞,-∞,-∞,-∞,-∞,-∞,-∞,-∞,-∞,-∞,-∞,-∞,-∞,-∞,-∞,-∞,-∞,-∞,-∞,-∞,-∞,-∞,-∞,-∞,-∞,-∞,-∞,-∞,-∞,-∞,-∞,-∞,-∞,-∞,-∞,-∞,-∞,-∞,-∞,-∞,-∞,-∞,-∞,-∞,-∞,-∞,-∞,-∞,-∞,-∞,-∞,-∞,-∞,-∞,-∞,-∞,-∞,-∞,-∞,-∞,-∞,-∞,-∞,-∞,-∞,-∞,-∞,-∞,-∞,-∞,-∞,-∞,-∞,-∞,-∞,-∞,-∞,-∞,-∞,-∞,-∞,-∞,-∞,-∞,-∞,-∞,-∞,-∞,-∞,-∞,-∞,-∞,-∞,-∞,-∞,-∞,-∞,-∞,-∞,-∞,-∞,-∞,-∞,-∞,-∞,-∞,-∞,-∞,-∞,-∞,-∞,-∞,-∞,-∞,-∞,-∞,-∞,-∞,-∞,-∞,-∞,-∞,-∞,-∞,-∞,-∞,-∞,-∞,-∞,-∞,-∞,-∞,-∞,-∞,-∞,-∞,-∞,-∞,-∞,-∞,-∞,-∞,-∞,-∞,-∞,-∞,-∞,-∞,-∞,-∞,-∞,-∞,-∞,-∞,-∞,-∞,-∞,-∞,-∞,-∞,-∞,-∞,-∞,-∞,-∞,-∞,-∞,-∞,-∞,-∞,-∞,-∞,-∞,-∞,-∞,-∞,-∞,-∞,-∞,-∞,-∞,-∞,-∞,-∞,-∞,-∞,-∞,-∞,-∞,-∞,-∞,-∞,-∞,-∞,-∞,-∞,-∞,-∞,-∞,-∞,-∞,-∞,-∞,-∞,-∞,-∞,-∞,-∞,-∞,-∞,-∞,-∞,-∞,-∞,-∞,-∞,-∞,-∞,-∞,-∞,-∞,-∞,-∞,-∞,-∞,-∞,-∞,-∞,-∞,-∞,-∞,-∞,-∞,-∞,-∞,-∞,-∞,-∞,-∞,-∞,-∞,-∞,-∞,-∞,-∞,-∞,-∞,-∞,-∞,-∞,-∞,-∞,-∞,-∞,-∞,-∞,-∞,-∞,-∞,-∞,-∞,-∞,-∞,-∞,-∞,-∞,-∞,-∞,-∞,-∞,-∞,-∞,-∞,-∞,-∞,-∞,-∞,-∞,-∞,-∞,-∞,-∞,-∞,-∞,-∞,-∞,-∞,-∞,-∞,-∞,-∞,-∞,-∞,-∞,-∞,-∞,-∞,-∞,-∞,-∞,-∞,-∞,-∞,-∞,-∞,-∞,-∞,-∞,-∞,-∞,-∞,-∞,-∞,-∞,-∞,-∞,-∞,-∞,-∞,-∞,-∞,-∞,-∞,-∞,-∞,-∞,-∞,-∞,-∞,-∞,-∞,-∞,-∞,-∞,-∞,-∞,-∞,-∞
-∞,-∞,-∞,-∞,-∞,-∞,-∞,-∞,-∞,-∞,-∞,-∞,-∞,-∞,-∞,-∞,-∞,-∞,-∞,-∞,-∞,-∞,-∞,-∞,-∞,-∞,-∞,-∞,-∞,-∞,-∞,-∞,-∞,-∞,-∞,-∞,-∞,-∞,-∞,-∞,-∞,-∞,-∞,-∞,-∞,-∞,-∞,-∞,-∞,-∞,-∞,-∞,-∞,-∞,-∞,-∞,-∞,-∞,-∞,-∞,-∞,-∞,-∞,-∞,-∞,-∞,-∞,-∞,-∞,-∞,-∞,-∞,-∞,-∞,-∞,-∞,-∞,-∞,-∞,-∞,-∞,-∞,-∞,-∞,-∞,-∞,-∞,-∞,-∞,-∞,-∞,-∞,-∞,-∞,-∞,-∞,-∞,-∞,-∞,-∞,-∞,-∞,-∞,-∞,-∞,-∞,-∞,-∞,-∞,-∞,-∞,-∞,-∞,-∞,-∞,-∞,-∞,-∞,-∞,-∞,-∞,-∞,-∞,-∞,-∞,-∞,-∞,-∞,-∞,-∞,-∞,-∞,-∞,-∞,-∞,-∞,-∞,-∞,-∞,-∞,-∞,-∞,-∞,-∞,-∞,-∞,-∞,-∞,-∞,-∞,-∞,-∞,-∞,-∞,-∞,-∞,-∞,-∞,-∞,-∞,-∞,-∞,-∞,-∞,-∞,-∞,-∞,-∞,-∞,-∞,-∞,-∞,-∞,-∞,-∞,-∞,-∞,-∞,-∞,-∞,-∞,-∞,-∞,-∞,-∞,-∞,-∞,-∞,-∞,-∞,-∞,-∞,-∞,-∞,-∞,-∞,-∞,-∞,-∞,-∞,-∞,-∞,-∞,-∞,-∞,-∞,-∞,-∞,-∞,-∞,-∞,-∞,-∞,-∞,-∞,-∞,-∞,-∞,-∞,-∞,-∞,-∞,-∞,-∞,-∞,-∞,-∞,-∞,-∞,-∞,-∞,-∞,-∞,-∞,-∞,-∞,-∞,-∞,-∞,-∞,-∞,-∞,-∞,-∞,-∞,-∞,-∞,-∞,-∞,-∞,-∞,-∞,-∞,-∞,-∞,-∞,-∞,-∞,-∞,-∞,-∞,-∞,-∞,-∞,-∞,-∞,-∞,-∞,-∞,-∞,-∞,-∞,-∞,-∞,-∞,-∞,-∞,-∞,-∞,-∞,-∞,-∞,-∞,-∞,-∞,-∞,-∞,-∞,-∞,-∞,-∞,-∞,-∞,-∞,-∞,-∞,-∞,-∞,-∞,-∞,-∞,-∞,-∞,-∞,-∞,-∞,-∞,-∞,-∞,-∞,-∞,-∞,-∞,-∞,-∞,-∞,-∞,-∞,-∞,-∞,-∞,-∞,-∞,-∞,-∞,-∞,-∞,-∞,-∞,-∞,-∞,-∞,-∞,-∞,-∞,-∞,-∞,-∞,-∞,-∞,-∞,-∞,-∞,-∞,-∞,-∞,-∞,-∞,-∞,-∞,-∞,-∞,-∞,-∞,-∞,-∞,-∞,-∞,-∞,-∞,-∞,-∞,-∞,-∞,-∞,-∞,-∞,-∞,-∞,-∞,-∞,-∞,-∞,-∞,-∞,-∞,-∞,-∞,-∞,-∞,-∞,-∞,-∞,-∞,-∞,-∞,-∞,-∞,-∞,-∞,-∞,-∞,-∞,-∞,-∞,-∞,-∞,-∞,-∞,-∞,-∞,-∞,-∞,-∞,-∞,-∞,-∞,-∞,-∞,-∞,-∞,-∞,-∞,-∞,-∞,-∞,-∞,-∞,-∞,-∞,-∞,-∞,-∞,-∞,-∞,-∞,-∞,-∞,-∞,-∞,-∞,-∞,-∞,-∞,-∞,-∞,-∞,-∞,-∞,-∞,-∞,-∞,-∞,-∞,-∞,-∞,-∞,-∞,-∞,-∞,-∞,-∞,-∞,-∞,-∞,-∞,-∞,-∞,-∞,-∞,-∞,-∞,-∞,-∞,-∞,-∞,-∞,-∞,-∞,-∞,-∞,-∞,-∞,-∞,-∞,-∞,-∞,-∞,-∞,-∞,-∞,-∞,-∞,-∞,-∞,-∞,-∞,-∞,-∞,-∞,-∞,-∞,-∞,-∞,-∞,-∞,-∞,-∞,-∞,-∞
0,-∞,-∞,-∞,-∞,-∞,-∞,-∞,-∞,-∞,-∞,-∞,-∞,-∞,-∞,-∞,-∞,-∞,-∞,-∞,-∞,-∞,-∞,-∞,-∞,-∞,-∞,-∞,-∞,-∞,-∞,-∞,-∞,-∞,-∞,-∞,-∞,-∞,-∞,-∞,-∞,-∞,-∞,-∞,-∞,-∞,-∞,-∞,-∞,-∞,-∞,-∞,-∞,-∞,-∞,-∞,-∞,-∞,-∞,-∞,-∞,-∞,-∞,-∞,-∞,-∞,-∞,-∞,-∞,-∞,-∞,-∞,-∞,-∞,-∞,-∞,-∞,-∞,-∞,-∞,-∞,-∞,-∞,-∞,-∞,-∞,-∞,-∞,-∞,-∞,-∞,-∞,-∞,-∞,-∞,-∞,-∞,-∞,-∞,-∞,-∞,-∞,-∞,-∞,-∞,-∞,-∞,-∞,-∞,-∞,-∞,-∞,-∞,-∞,-∞,-∞,-∞,-∞,-∞,-∞,-∞,-∞,-∞,-∞,-∞,-∞,-∞,-∞,-∞,-∞,-∞,-∞,-∞,-∞,-∞,-∞,-∞,-∞,-∞,-∞,-∞,-∞,-∞,-∞,-∞,-∞,-∞,-∞,-∞,-∞,-∞,-∞,-∞,-∞,-∞,-∞,-∞,-∞,-∞,-∞,-∞,-∞,-∞,-∞,-∞,-∞,-∞,-∞,-∞,-∞,-∞,-∞,-∞,-∞,-∞,-∞,-∞,-∞,-∞,-∞,-∞,-∞,-∞,-∞,-∞,-∞,-∞,-∞,-∞,-∞,-∞,-∞,-∞,-∞,-∞,-∞,-∞,-∞,-∞,-∞,-∞,-∞,-∞,-∞,-∞,-∞,-∞,-∞,-∞,-∞,-∞,-∞,-∞,-∞,-∞,-∞,-∞,-∞,-∞,-∞,-∞,-∞,-∞,-∞,-∞,-∞,-∞,-∞,-∞,-∞,-∞,-∞,-∞,-∞,-∞,-∞,-∞,-∞,-∞,-∞,-∞,-∞,-∞,-∞,-∞,-∞,-∞,-∞,-∞,-∞,-∞,-∞,-∞,-∞,-∞,-∞,-∞,-∞,-∞,-∞,-∞,-∞,-∞,-∞,-∞,-∞,-∞,-∞,-∞,-∞,-∞,-∞,-∞,-∞,-∞,-∞,-∞,-∞,-∞,-∞,-∞,-∞,-∞,-∞,-∞,-∞,-∞,-∞,-∞,-∞,-∞,-∞,-∞,-∞,-∞,-∞,-∞,-∞,-∞,-∞,-∞,-∞,-∞,-∞,-∞,-∞,-∞,-∞,-∞,-∞,-∞,-∞,-∞,-∞,-∞,-∞,-∞,-∞,-∞,-∞,-∞,-∞,-∞,-∞,-∞,-∞,-∞,-∞,-∞,-∞,-∞,-∞,-∞,-∞,-∞,-∞,-∞,-∞,-∞,-∞,-∞,-∞,-∞,-∞,-∞,-∞,-∞,-∞,-∞,-∞,-∞,-∞,-∞,-∞,-∞,-∞,-∞,-∞,-∞,-∞,-∞,-∞,-∞,-∞,-∞,-∞,-∞,-∞,-∞,-∞,-∞,-∞,-∞,-∞,-∞,-∞,-∞,-∞,-∞,-∞,-∞,-∞,-∞,-∞,-∞,-∞,-∞,-∞,-∞,-∞,-∞,-∞,-∞,-∞,-∞,-∞,-∞,-∞,-∞,-∞,-∞,-∞,-∞,-∞,-∞,-∞,-∞,-∞,-∞,-∞,-∞,-∞,-∞,-∞,-∞,-∞,-∞,-∞,-∞,-∞,-∞,-∞,-∞,-∞,-∞,-∞,-∞,-∞,-∞,-∞,-∞,-∞,-∞,-∞,-∞,-∞,-∞,-∞,-∞,-∞,-∞,-∞,-∞,-∞,-∞,-∞,-∞,-∞,-∞,-∞,-∞,-∞,-∞,-∞,-∞,-∞,-∞,-∞,-∞,-∞,-∞,-∞,-∞,-∞,-∞,-∞,-∞,-∞,-∞,-∞,-∞,-∞,-∞,-∞,-∞,-∞,-∞,-∞,-∞,-∞,-∞,-∞,-∞,-∞,-∞,-∞,-∞,-∞,-∞,-∞,-∞,-∞,-∞,-∞,-∞,-∞,-∞,-∞,-∞,-∞
0.6931471805599453,0.5493061443340549,0.3662040962227033,-∞,-∞,-∞,-∞,-∞,-∞,-∞,-∞,-∞,-∞,-∞,-∞,-∞,-∞,-∞,-∞,-∞,-∞,-∞,-∞,-∞,-∞,-∞,-∞,-∞,-∞,-∞,-∞,-∞,-∞,-∞,-∞,-∞,-∞,-∞,-∞,-∞,-∞,-∞,-∞,-∞,-∞,-∞,-∞,-∞,-∞,-∞,-∞,-∞,-∞,-∞,-∞,-∞,-∞,-∞,-∞,-∞,-∞,-∞,-∞,-∞,-∞,-∞,-∞,-∞,-∞,-∞,-∞,-∞,-∞,-∞,-∞,-∞,-∞,-∞,-∞,-∞,-∞,-∞,-∞,-∞,-∞,-∞,-∞,-∞,-∞,-∞,-∞,-∞,-∞,-∞,-∞,-∞,-∞,-∞,-∞,-∞,-∞,-∞,-∞,-∞,-∞,-∞,-∞,-∞,-∞,-∞,-∞,-∞,-∞,-∞,-∞,-∞,-∞,-∞,-∞,-∞,-∞,-∞,-∞,-∞,-∞,-∞,-∞,-∞,-∞,-∞,-∞,-∞,-∞,-∞,-∞,-∞,-∞,-∞,-∞,-∞,-∞,-∞,-∞,-∞,-∞,-∞,-∞,-∞,-∞,-∞,-∞,-∞,-∞,-∞,-∞,-∞,-∞,-∞,-∞,-∞,-∞,-∞,-∞,-∞,-∞,-∞,-∞,-∞,-∞,-∞,-∞,-∞,-∞,-∞,-∞,-∞,-∞,-∞,-∞,-∞,-∞,-∞,-∞,-∞,-∞,-∞,-∞,-∞,-∞,-∞,-∞,-∞,-∞,-∞,-∞,-∞,-∞,-∞,-∞,-∞,-∞,-∞,-∞,-∞,-∞,-∞,-∞,-∞,-∞,-∞,-∞,-∞,-∞,-∞,-∞,-∞,-∞,-∞,-∞,-∞,-∞,-∞,-∞,-∞,-∞,-∞,-∞,-∞,-∞,-∞,-∞,-∞,-∞,-∞,-∞,-∞,-∞,-∞,-∞,-∞,-∞,-∞,-∞,-∞,-∞,-∞,-∞,-∞,-∞,-∞,-∞,-∞,-∞,-∞,-∞,-∞,-∞,-∞,-∞,-∞,-∞,-∞,-∞,-∞,-∞,-∞,-∞,-∞,-∞,-∞,-∞,-∞,-∞,-∞,-∞,-∞,-∞,-∞,-∞,-∞,-∞,-∞,-∞,-∞,-∞,-∞,-∞,-∞,-∞,-∞,-∞,-∞,-∞,-∞,-∞,-∞,-∞,-∞,-∞,-∞,-∞,-∞,-∞,-∞,-∞,-∞,-∞,-∞,-∞,-∞,-∞,-∞,-∞,-∞,-∞,-∞,-∞,-∞,-∞,-∞,-∞,-∞,-∞,-∞,-∞,-∞,-∞,-∞,-∞,-∞,-∞,-∞,-∞,-∞,-∞,-∞,-∞,-∞,-∞,-∞,-∞,-∞,-∞,-∞,-∞,-∞,-∞,-∞,-∞,-∞,-∞,-∞,-∞,-∞,-∞,-∞,-∞,-∞,-∞,-∞,-∞,-∞,-∞,-∞,-∞,-∞,-∞,-∞,-∞,-∞,-∞,-∞,-∞,-∞,-∞,-∞,-∞,-∞,-∞,-∞,-∞,-∞,-∞,-∞,-∞,-∞,-∞,-∞,-∞,-∞,-∞,-∞,-∞,-∞,-∞,-∞,-∞,-∞,-∞,-∞,-∞,-∞,-∞,-∞,-∞,-∞,-∞,-∞,-∞,-∞,-∞,-∞,-∞,-∞,-∞,-∞,-∞,-∞,-∞,-∞,-∞,-∞,-∞,-∞,-∞,-∞,-∞,-∞,-∞,-∞,-∞,-∞,-∞,-∞,-∞,-∞,-∞,-∞,-∞,-∞,-∞,-∞,-∞,-∞,-∞,-∞,-∞,-∞,-∞,-∞,-∞,-∞,-∞,-∞,-∞,-∞,-∞,-∞,-∞,-∞,-∞,-∞,-∞,-∞,-∞,-∞,-∞,-∞,-∞,-∞,-∞,-∞,-∞,-∞,-∞,-∞,-∞,-∞,-∞,-∞,-∞,-∞,-∞,-∞,-∞,-∞,-∞,-∞,-∞,-∞,-∞,-∞,-∞,-∞,-∞,-∞,-∞,-∞,-∞,-∞
-∞,-∞,-∞,-∞,-∞,-∞,-∞,-∞,-∞,-∞,-∞,-∞,-∞,-∞,-∞,-∞,-∞,-∞,-∞,-∞,-∞,-∞,-∞,-∞,-∞,-∞,-∞,-∞,-∞,-∞,-∞,-∞,-∞,-∞,-∞,-∞,-∞,-∞,-∞,-∞,-∞,-∞,-∞,-∞,-∞,-∞,-∞,-∞,-∞,-∞,-∞,-∞,-∞,-∞,-∞,-∞,-∞,-∞,-∞,-∞,-∞,-∞,-∞,-∞,-∞,-∞,-∞,-∞,-∞,-∞,-∞,-∞,-∞,-∞,-∞,-∞,-∞,-∞,-∞,-∞,-∞,-∞,-∞,-∞,-∞,-∞,-∞,-∞,-∞,-∞,-∞,-∞,-∞,-∞,-∞,-∞,-∞,-∞,-∞,-∞,-∞,-∞,-∞,-∞,-∞,-∞,-∞,-∞,-∞,-∞,-∞,-∞,-∞,-∞,-∞,-∞,-∞,-∞,-∞,-∞,-∞,-∞,-∞,-∞,-∞,-∞,-∞,-∞,-∞,-∞,-∞,-∞,-∞,-∞,-∞,-∞,-∞,-∞,-∞,-∞,-∞,-∞,-∞,-∞,-∞,-∞,-∞,-∞,-∞,-∞,-∞,-∞,-∞,-∞,-∞,-∞,-∞,-∞,-∞,-∞,-∞,-∞,-∞,-∞,-∞,-∞,-∞,-∞,-∞,-∞,-∞,-∞,-∞,-∞,-∞,-∞,-∞,-∞,-∞,-∞,-∞,-∞,-∞,-∞,-∞,-∞,-∞,-∞,-∞,-∞,-∞,-∞,-∞,-∞,-∞,-∞,-∞,-∞,-∞,-∞,-∞,-∞,-∞,-∞,-∞,-∞,-∞,-∞,-∞,-∞,-∞,-∞,-∞,-∞,-∞,-∞,-∞,-∞,-∞,-∞,-∞,-∞,-∞,-∞,-∞,-∞,-∞,-∞,-∞,-∞,-∞,-∞,-∞,-∞,-∞,-∞,-∞,-∞,-∞,-∞,-∞,-∞,-∞,-∞,-∞,-∞,-∞,-∞,-∞,-∞,-∞,-∞,-∞,-∞,-∞,-∞,-∞,-∞,-∞,-∞,-∞,-∞,-∞,-∞,-∞,-∞,-∞,-∞,-∞,-∞,-∞,-∞,-∞,-∞,-∞,-∞,-∞,-∞,-∞,-∞,-∞,-∞,-∞,-∞,-∞,-∞,-∞,-∞,-∞,-∞,-∞,-∞,-∞,-∞,-∞,-∞,-∞,-∞,-∞,-∞,-∞,-∞,-∞,-∞,-∞,-∞,-∞,-∞,-∞,-∞,-∞,-∞,-∞,-∞,-∞,-∞,-∞,-∞,-∞,-∞,-∞,-∞,-∞,-∞,-∞,-∞,-∞,-∞,-∞,-∞,-∞,-∞,-∞,-∞,-∞,-∞,-∞,-∞,-∞,-∞,-∞,-∞,-∞,-∞,-∞,-∞,-∞,-∞,-∞,-∞,-∞,-∞,-∞,-∞,-∞,-∞,-∞,-∞,-∞,-∞,-∞,-∞,-∞,-∞,-∞,-∞,-∞,-∞,-∞,-∞,-∞,-∞,-∞,-∞,-∞,-∞,-∞,-∞,-∞,-∞,-∞,-∞,-∞,-∞,-∞,-∞,-∞,-∞,-∞,-∞,-∞,-∞,-∞,-∞,-∞,-∞,-∞,-∞,-∞,-∞,-∞,-∞,-∞,-∞,-∞,-∞,-∞,-∞,-∞,-∞,-∞,-∞,-∞,-∞,-∞,-∞,-∞,-∞,-∞,-∞,-∞,-∞,-∞,-∞,-∞,-∞,-∞,-∞,-∞,-∞,-∞,-∞,-∞,-∞,-∞,-∞,-∞,-∞,-∞,-∞,-∞,-∞,-∞,-∞,-∞,-∞,-∞,-∞,-∞,-∞,-∞,-∞,-∞,-∞,-∞,-∞,-∞,-∞,-∞,-∞,-∞,-∞,-∞,-∞,-∞,-∞,-∞,-∞,-∞,-∞,-∞,-∞,-∞,-∞,-∞,-∞,-∞,-∞,-∞,-∞,-∞,-∞,-∞,-∞,-∞,-∞,-∞,-∞,-∞,-∞,-∞,-∞,-∞,-∞,-∞,-∞,-∞,-∞,-∞,-∞
0,-∞,-∞,-∞,-∞,-∞,-∞,-∞,-∞,-∞,-∞,-∞,-∞,-∞,-∞,-∞,-∞,-∞,-∞,-∞,-∞,-∞,-∞,-∞,-∞,-∞,-∞,-∞,-∞,-∞,-∞,-∞,-∞,-∞,-∞,-∞,-∞,-∞,-∞,-∞,-∞,-∞,-∞,-∞,-∞,-∞,-∞,-∞,-∞,-∞,-∞,-∞,-∞,-∞,-∞,-∞,-∞,-∞,-∞,-∞,-∞,-∞,-∞,-∞,-∞,-∞,-∞,-∞,-∞,-∞,-∞,-∞,-∞,-∞,-∞,-∞,-∞,-∞,-∞,-∞,-∞,-∞,-∞,-∞,-∞,-∞,-∞,-∞,-∞,-∞,-∞,-∞,-∞,-∞,-∞,-∞,-∞,-∞,-∞,-∞,-∞,-∞,-∞,-∞,-∞,-∞,-∞,-∞,-∞,-∞,-∞,-∞,-∞,-∞,-∞,-∞,-∞,-∞,-∞,-∞,-∞,-∞,-∞,-∞,-∞,-∞,-∞,-∞,-∞,-∞,-∞,-∞,-∞,-∞,-∞,-∞,-∞,-∞,-∞,-∞,-∞,-∞,-∞,-∞,-∞,-∞,-∞,-∞,-∞,-∞,-∞,-∞,-∞,-∞,-∞,-∞,-∞,-∞,-∞,-∞,-∞,-∞,-∞,-∞,-∞,-∞,-∞,-∞,-∞,-∞,-∞,-∞,-∞,-∞,-∞,-∞,-∞,-∞,-∞,-∞,-∞,-∞,-∞,-∞,-∞,-∞,-∞,-∞,-∞,-∞,-∞,-∞,-∞,-∞,-∞,-∞,-∞,-∞,-∞,-∞,-∞,-∞,-∞,-∞,-∞,-∞,-∞,-∞,-∞,-∞,-∞,-∞,-∞,-∞,-∞,-∞,-∞,-∞,-∞,-∞,-∞,-∞,-∞,-∞,-∞,-∞,-∞,-∞,-∞,-∞,-∞,-∞,-∞,-∞,-∞,-∞,-∞,-∞,-∞,-∞,-∞,-∞,-∞,-∞,-∞,-∞,-∞,-∞,-∞,-∞,-∞,-∞,-∞,-∞,-∞,-∞,-∞,-∞,-∞,-∞,-∞,-∞,-∞,-∞,-∞,-∞,-∞,-∞,-∞,-∞,-∞,-∞,-∞,-∞,-∞,-∞,-∞,-∞,-∞,-∞,-∞,-∞,-∞,-∞,-∞,-∞,-∞,-∞,-∞,-∞,-∞,-∞,-∞,-∞,-∞,-∞,-∞,-∞,-∞,-∞,-∞,-∞,-∞,-∞,-∞,-∞,-∞,-∞,-∞,-∞,-∞,-∞,-∞,-∞,-∞,-∞,-∞,-∞,-∞,-∞,-∞,-∞,-∞,-∞,-∞,-∞,-∞,-∞,-∞,-∞,-∞,-∞,-∞,-∞,-∞,-∞,-∞,-∞,-∞,-∞,-∞,-∞,-∞,-∞,-∞,-∞,-∞,-∞,-∞,-∞,-∞,-∞,-∞,-∞,-∞,-∞,-∞,-∞,-∞,-∞,-∞,-∞,-∞,-∞,-∞,-∞,-∞,-∞,-∞,-∞,-∞,-∞,-∞,-∞,-∞,-∞,-∞,-∞,-∞,-∞,-∞,-∞,-∞,-∞,-∞,-∞,-∞,-∞,-∞,-∞,-∞,-∞,-∞,-∞,-∞,-∞,-∞,-∞,-∞,-∞,-∞,-∞,-∞,-∞,-∞,-∞,-∞,-∞,-∞,-∞,-∞,-∞,-∞,-∞,-∞,-∞,-∞,-∞,-∞,-∞,-∞,-∞,-∞,-∞,-∞,-∞,-∞,-∞,-∞,-∞,-∞,-∞,-∞,-∞,-∞,-∞,-∞,-∞,-∞,-∞,-∞,-∞,-∞,-∞,-∞,-∞,-∞,-∞,-∞,-∞,-∞,-∞,-∞,-∞,-∞,-∞,-∞,-∞,-∞,-∞,-∞,-∞,-∞,-∞,-∞,-∞,-∞,-∞,-∞,-∞,-∞,-∞,-∞,-∞,-∞,-∞,-∞,-∞,-∞,-∞,-∞,-∞,-∞,-∞,-∞,-∞,-∞,-∞,-∞,-∞,-∞,-∞,-∞,-∞,-∞,-∞,-∞,-∞,-∞,-∞
0,0,-∞,-∞,-∞,-∞,-∞,-∞,-∞,-∞,-∞,-∞,-∞,-∞,-∞,-∞,-∞,-∞,-∞,-∞,-∞,-∞,-∞,-∞,-∞,-∞,-∞,-∞,-∞,-∞,-∞,-∞,-∞,-∞,-∞,-∞,-∞,-∞,-∞,-∞,-∞,-∞,-∞,-∞,-∞,-∞,-∞,-∞,-∞,-∞,-∞,-∞,-∞,-∞,-∞,-∞,-∞,-∞,-∞,-∞,-∞,-∞,-∞,-∞,-∞,-∞,-∞,-∞,-∞,-∞,-∞,-∞,-∞,-∞,-∞,-∞,-∞,-∞,-∞,-∞,-∞,-∞,-∞,-∞,-∞,-∞,-∞,-∞,-∞,-∞,-∞,-∞,-∞,-∞,-∞,-∞,-∞,-∞,-∞,-∞,-∞,-∞,-∞,-∞,-∞,-∞,-∞,-∞,-∞,-∞,-∞,-∞,-∞,-∞,-∞,-∞,-∞,-∞,-∞,-∞,-∞,-∞,-∞,-∞,-∞,-∞,-∞,-∞,-∞,-∞,-∞,-∞,-∞,-∞,-∞,-∞,-∞,-∞,-∞,-∞,-∞,-∞,-∞,-∞,-∞,-∞,-∞,-∞,-∞,-∞,-∞,-∞,-∞,-∞,-∞,-∞,-∞,-∞,-∞,-∞,-∞,-∞,-∞,-∞,-∞,-∞,-∞,-∞,-∞,-∞,-∞,-∞,-∞,-∞,-∞,-∞,-∞,-∞,-∞,-∞,-∞,-∞,-∞,-∞,-∞,-∞,-∞,-∞,-∞,-∞,-∞,-∞,-∞,-∞,-∞,-∞,-∞,-∞,-∞,-∞,-∞,-∞,-∞,-∞,-∞,-∞,-∞,-∞,-∞,-∞,-∞,-∞,-∞,-∞,-∞,-∞,-∞,-∞,-∞,-∞,-∞,-∞,-∞,-∞,-∞,-∞,-∞,-∞,-∞,-∞,-∞,-∞,-∞,-∞,-∞,-∞,-∞,-∞,-∞,-∞,-∞,-∞,-∞,-∞,-∞,-∞,-∞,-∞,-∞,-∞,-∞,-∞,-∞,-∞,-∞,-∞,-∞,-∞,-∞,-∞,-∞,-∞,-∞,-∞,-∞,-∞,-∞,-∞,-∞,-∞,-∞,-∞,-∞,-∞,-∞,-∞,-∞,-∞,-∞,-∞,-∞,-∞,-∞,-∞,-∞,-∞,-∞,-∞,-∞,-∞,-∞,-∞,-∞,-∞,-∞,-∞,-∞,-∞,-∞,-∞,-∞,-∞,-∞,-∞,-∞,-∞,-∞,-∞,-∞,-∞,-∞,-∞,-∞,-∞,-∞,-∞,-∞,-∞,-∞,-∞,-∞,-∞,-∞,-∞,-∞,-∞,-∞,-∞,-∞,-∞,-∞,-∞,-∞,-∞,-∞,-∞,-∞,-∞,-∞,-∞,-∞,-∞,-∞,-∞,-∞,-∞,-∞,-∞,-∞,-∞,-∞,-∞,-∞,-∞,-∞,-∞,-∞,-∞,-∞,-∞,-∞,-∞,-∞,-∞,-∞,-∞,-∞,-∞,-∞,-∞,-∞,-∞,-∞,-∞,-∞,-∞,-∞,-∞,-∞,-∞,-∞,-∞,-∞,-∞,-∞,-∞,-∞,-∞,-∞,-∞,-∞,-∞,-∞,-∞,-∞,-∞,-∞,-∞,-∞,-∞,-∞,-∞,-∞,-∞,-∞,-∞,-∞,-∞,-∞,-∞,-∞,-∞,-∞,-∞,-∞,-∞,-∞,-∞,-∞,-∞,-∞,-∞,-∞,-∞,-∞,-∞,-∞,-∞,-∞,-∞,-∞,-∞,-∞,-∞,-∞,-∞,-∞,-∞,-∞,-∞,-∞,-∞,-∞,-∞,-∞,-∞,-∞,-∞,-∞,-∞,-∞,-∞,-∞,-∞,-∞,-∞,-∞,-∞,-∞,-∞,-∞,-∞,-∞,-∞,-∞,-∞,-∞,-∞,-∞,-∞,-∞,-∞,-∞,-∞,-∞,-∞,-∞,-∞,-∞,-∞,-∞,-∞,-∞,-∞,-∞,-∞,-∞,-∞,-∞,-∞,-∞,-∞,-∞,-∞,-∞,-∞,-∞,-∞,-∞,-∞
0,-∞,-∞,-∞,-∞,-∞,-∞,-∞,-∞,-∞,-∞,-∞,-∞,-∞,-∞,-∞,-∞,-∞,-∞,-∞,-∞,-∞,-∞,-∞,-∞,-∞,-∞,-∞,-∞,-∞,-∞,-∞,-∞,-∞,-∞,-∞,-∞,-∞,-∞,-∞,-∞,-∞,-∞,-∞,-∞,-∞,-∞,-∞,-∞,-∞,-∞,-∞,-∞,-∞,-∞,-∞,-∞,-∞,-∞,-∞,-∞,-∞,-∞,-∞,-∞,-∞,-∞,-∞,-∞,-∞,-∞,-∞,-∞,-∞,-∞,-∞,-∞,-∞,-∞,-∞,-∞,-∞,-∞,-∞,-∞,-∞,-∞,-∞,-∞,-∞,-∞,-∞,-∞,-∞,-∞,-∞,-∞,-∞,-∞,-∞,-∞,-∞,-∞,-∞,-∞,-∞,-∞,-∞,-∞,-∞,-∞,-∞,-∞,-∞,-∞,-∞,-∞,-∞,-∞,-∞,-∞,-∞,-∞,-∞,-∞,-∞,-∞,-∞,-∞,-∞,-∞,-∞,-∞,-∞,-∞,-∞,-∞,-∞,-∞,-∞,-∞,-∞,-∞,-∞,-∞,-∞,-∞,-∞,-∞,-∞,-∞,-∞,-∞,-∞,-∞,-∞,-∞,-∞,-∞,-∞,-∞,-∞,-∞,-∞,-∞,-∞,-∞,-∞,-∞,-∞,-∞,-∞,-∞,-∞,-∞,-∞,-∞,-∞,-∞,-∞,-∞,-∞,-∞,-∞,-∞,-∞,-∞,-∞,-∞,-∞,-∞,-∞,-∞,-∞,-∞,-∞,-∞,-∞,-∞,-∞,-∞,-∞,-∞,-∞,-∞,-∞,-∞,-∞,-∞,-∞,-∞,-∞,-∞,-∞,-∞,-∞,-∞,-∞,-∞,-∞,-∞,-∞,-∞,-∞,-∞,-∞,-∞,-∞,-∞,-∞,-∞,-∞,-∞,-∞,-∞,-∞,-∞,-∞,-∞,-∞,-∞,-∞,-∞,-∞,-∞,-∞,-∞,-∞,-∞,-∞,-∞,-∞,-∞,-∞,-∞,-∞,-∞,-∞,-∞,-∞,-∞,-∞,-∞,-∞,-∞,-∞,-∞,-∞,-∞,-∞,-∞,-∞,-∞,-∞,-∞,-∞,-∞,-∞,-∞,-∞,-∞,-∞,-∞,-∞,-∞,-∞,-∞,-∞,-∞,-∞,-∞,-∞,-∞,-∞,-∞,-∞,-∞,-∞,-∞,-∞,-∞,-∞,-∞,-∞,-∞,-∞,-∞,-∞,-∞,-∞,-∞,-∞,-∞,-∞,-∞,-∞,-∞,-∞,-∞,-∞,-∞,-∞,-∞,-∞,-∞,-∞,-∞,-∞,-∞,-∞,-∞,-∞,-∞,-∞,-∞,-∞,-∞,-∞,-∞,-∞,-∞,-∞,-∞,-∞,-∞,-∞,-∞,-∞,-∞,-∞,-∞,-∞,-∞,-∞,-∞,-∞,-∞,-∞,-∞,-∞,-∞,-∞,-∞,-∞,-∞,-∞,-∞,-∞,-∞,-∞,-∞,-∞,-∞,-∞,-∞,-∞,-∞,-∞,-∞,-∞,-∞,-∞,-∞,-∞,-∞,-∞,-∞,-∞,-∞,-∞,-∞,-∞,-∞,-∞,-∞,-∞,-∞,-∞,-∞,-∞,-∞,-∞,-∞,-∞,-∞,-∞,-∞,-∞,-∞,-∞,-∞,-∞,-∞,-∞,-∞,-∞,-∞,-∞,-∞,-∞,-∞,-∞,-∞,-∞,-∞,-∞,-∞,-∞,-∞,-∞,-∞,-∞,-∞,-∞,-∞,-∞,-∞,-∞,-∞,-∞,-∞,-∞,-∞,-∞,-∞,-∞,-∞,-∞,-∞,-∞,-∞,-∞,-∞,-∞,-∞,-∞,-∞,-∞,-∞,-∞,-∞,-∞,-∞,-∞,-∞,-∞,-∞,-∞,-∞,-∞,-∞,-∞,-∞,-∞,-∞,-∞,-∞,-∞,-∞,-∞,-∞,-∞,-∞,-∞,-∞,-∞,-∞,-∞,-∞,-∞,-∞,-∞,-∞,-∞,-∞,-∞,-∞,-∞,-∞,-∞
-∞,-∞,-∞,-∞,-∞,-∞,-∞,-∞,-∞,-∞,-∞,-∞,-∞,-∞,-∞,-∞,-∞,-∞,-∞,-∞,-∞,-∞,-∞,-∞,-∞,-∞,-∞,-∞,-∞,-∞,-∞,-∞,-∞,-∞,-∞,-∞,-∞,-∞,-∞,-∞,-∞,-∞,-∞,-∞,-∞,-∞,-∞,-∞,-∞,-∞,-∞,-∞,-∞,-∞,-∞,-∞,-∞,-∞,-∞,-∞,-∞,-∞,-∞,-∞,-∞,-∞,-∞,-∞,-∞,-∞,-∞,-∞,-∞,-∞,-∞,-∞,-∞,-∞,-∞,-∞,-∞,-∞,-∞,-∞,-∞,-∞,-∞,-∞,-∞,-∞,-∞,-∞,-∞,-∞,-∞,-∞,-∞,-∞,-∞,-∞,-∞,-∞,-∞,-∞,-∞,-∞,-∞,-∞,-∞,-∞,-∞,-∞,-∞,-∞,-∞,-∞,-∞,-∞,-∞,-∞,-∞,-∞,-∞,-∞,-∞,-∞,-∞,-∞,-∞,-∞,-∞,-∞,-∞,-∞,-∞,-∞,-∞,-∞,-∞,-∞,-∞,-∞,-∞,-∞,-∞,-∞,-∞,-∞,-∞,-∞,-∞,-∞,-∞,-∞,-∞,-∞,-∞,-∞,-∞,-∞,-∞,-∞,-∞,-∞,-∞,-∞,-∞,-∞,-∞,-∞,-∞,-∞,-∞,-∞,-∞,-∞,-∞,-∞,-∞,-∞,-∞,-∞,-∞,-∞,-∞,-∞,-∞,-∞,-∞,-∞,-∞,-∞,-∞,-∞,-∞,-∞,-∞,-∞,-∞,-∞,-∞,-∞,-∞,-∞,-∞,-∞,-∞,-∞,-∞,-∞,-∞,-∞,-∞,-∞,-∞,-∞,-∞,-∞,-∞,-∞,-∞,-∞,-∞,-∞,-∞,-∞,-∞,-∞,-∞,-∞,-∞,-∞,-∞,-∞,-∞,-∞,-∞,-∞,-∞,-∞,-∞,-∞,-∞,-∞,-∞,-∞,-∞,-∞,-∞,-∞,-∞,-∞,-∞,-∞,-∞,-∞,-∞,-∞,-∞,-∞,-∞,-∞,-∞,-∞,-∞,-∞,-∞,-∞,-∞,-∞,-∞,-∞,-∞,-∞,-∞,-∞,-∞,-∞,-∞,-∞,-∞,-∞,-∞,-∞,-∞,-∞,-∞,-∞,-∞,-∞,-∞,-∞,-∞,-∞,-∞,-∞,-∞,-∞,-∞,-∞,-∞,-∞,-∞,-∞,-∞,-∞,-∞,-∞,-∞,-∞,-∞,-∞,-∞,-∞,-∞,-∞,-∞,-∞,-∞,-∞,-∞,-∞,-∞,-∞,-∞,-∞,-∞,-∞,-∞,-∞,-∞,-∞,-∞,-∞,-∞,-∞,-∞,-∞,-∞,-∞,-∞,-∞,-∞,-∞,-∞,-∞,-∞,-∞,-∞,-∞,-∞,-∞,-∞,-∞,-∞,-∞,-∞,-∞,-∞,-∞,-∞,-∞,-∞,-∞,-∞,-∞,-∞,-∞,-∞,-∞,-∞,-∞,-∞,-∞,-∞,-∞,-∞,-∞,-∞,-∞,-∞,-∞,-∞,-∞,-∞,-∞,-∞,-∞,-∞,-∞,-∞,-∞,-∞,-∞,-∞,-∞,-∞,-∞,-∞,-∞,-∞,-∞,-∞,-∞,-∞,-∞,-∞,-∞,-∞,-∞,-∞,-∞,-∞,-∞,-∞,-∞,-∞,-∞,-∞,-∞,-∞,-∞,-∞,-∞,-∞,-∞,-∞,-∞,-∞,-∞,-∞,-∞,-∞,-∞,-∞,-∞,-∞,-∞,-∞,-∞,-∞,-∞,-∞,-∞,-∞,-∞,-∞,-∞,-∞,-∞,-∞,-∞,-∞,-∞,-∞,-∞,-∞,-∞,-∞,-∞,-∞,-∞,-∞,-∞,-∞,-∞,-∞,-∞,-∞,-∞,-∞,-∞,-∞,-∞,-∞,-∞,-∞,-∞,-∞,-∞,-∞,-∞,-∞,-∞,-∞,-∞,-∞,-∞,-∞,-∞,-∞,-∞,-∞,-∞,-∞,-∞,-∞,-∞,-∞,-∞
0,0,-∞,-∞,-∞,-∞,-∞,-∞,-∞,-∞,-∞,-∞,-∞,-∞,-∞,-∞,-∞,-∞,-∞,-∞,-∞,-∞,-∞,-∞,-∞,-∞,-∞,-∞,-∞,-∞,-∞,-∞,-∞,-∞,-∞,-∞,-∞,-∞,-∞,-∞,-∞,-∞,-∞,-∞,-∞,-∞,-∞,-∞,-∞,-∞,-∞,-∞,-∞,-∞,-∞,-∞,-∞,-∞,-∞,-∞,-∞,-∞,-∞,-∞,-∞,-∞,-∞,-∞,-∞,-∞,-∞,-∞,-∞,-∞,-∞,-∞,-∞,-∞,-∞,-∞,-∞,-∞,-∞,-∞,-∞,-∞,-∞,-∞,-∞,-∞,-∞,-∞,-∞,-∞,-∞,-∞,-∞,-∞,-∞,-∞,-∞,-∞,-∞,-∞,-∞,-∞,-∞,-∞,-∞,-∞,-∞,-∞,-∞,-∞,-∞,-∞,-∞,-∞,-∞,-∞,-∞,-∞,-∞,-∞,-∞,-∞,-∞,-∞,-∞,-∞,-∞,-∞,-∞,-∞,-∞,-∞,-∞,-∞,-∞,-∞,-∞,-∞,-∞,-∞,-∞,-∞,-∞,-∞,-∞,-∞,-∞,-∞,-∞,-∞,-∞,-∞,-∞,-∞,-∞,-∞,-∞,-∞,-∞,-∞,-∞,-∞,-∞,-∞,-∞,-∞,-∞,-∞,-∞,-∞,-∞,-∞,-∞,-∞,-∞,-∞,-∞,-∞,-∞,-∞,-∞,-∞,-∞,-∞,-∞,-∞,-∞,-∞,-∞,-∞,-∞,-∞,-∞,-∞,-∞,-∞,-∞,-∞,-∞,-∞,-∞,-∞,-∞,-∞,-∞,-∞,-∞,-∞,-∞,-∞,-∞,-∞,-∞,-∞,-∞,-∞,-∞,-∞,-∞,-∞,-∞,-∞,-∞,-∞,-∞,-∞,-∞,-∞,-∞,-∞,-∞,-∞,-∞,-∞,-∞,-∞,-∞,-∞,-∞,-∞,-∞,-∞,-∞,-∞,-∞,-∞,-∞,-∞,-∞,-∞,-∞,-∞,-∞,-∞,-∞,-∞,-∞,-∞,-∞,-∞,-∞,-∞,-∞,-∞,-∞,-∞,-∞,-∞,-∞,-∞,-∞,-∞,-∞,-∞,-∞,-∞,-∞,-∞,-∞,-∞,-∞,-∞,-∞,-∞,-∞,-∞,-∞,-∞,-∞,-∞,-∞,-∞,-∞,-∞,-∞,-∞,-∞,-∞,-∞,-∞,-∞,-∞,-∞,-∞,-∞,-∞,-∞,-∞,-∞,-∞,-∞,-∞,-∞,-∞,-∞,-∞,-∞,-∞,-∞,-∞,-∞,-∞,-∞,-∞,-∞,-∞,-∞,-∞,-∞,-∞,-∞,-∞,-∞,-∞,-∞,-∞,-∞,-∞,-∞,-∞,-∞,-∞,-∞,-∞,-∞,-∞,-∞,-∞,-∞,-∞,-∞,-∞,-∞,-∞,-∞,-∞,-∞,-∞,-∞,-∞,-∞,-∞,-∞,-∞,-∞,-∞,-∞,-∞,-∞,-∞,-∞,-∞,-∞,-∞,-∞,-∞,-∞,-∞,-∞,-∞,-∞,-∞,-∞,-∞,-∞,-∞,-∞,-∞,-∞,-∞,-∞,-∞,-∞,-∞,-∞,-∞,-∞,-∞,-∞,-∞,-∞,-∞,-∞,-∞,-∞,-∞,-∞,-∞,-∞,-∞,-∞,-∞,-∞,-∞,-∞,-∞,-∞,-∞,-∞,-∞,-∞,-∞,-∞,-∞,-∞,-∞,-∞,-∞,-∞,-∞,-∞,-∞,-∞,-∞,-∞,-∞,-∞,-∞,-∞,-∞,-∞,-∞,-∞,-∞,-∞,-∞,-∞,-∞,-∞,-∞,-∞,-∞,-∞,-∞,-∞,-∞,-∞,-∞,-∞,-∞,-∞,-∞,-∞,-∞,-∞,-∞,-∞,-∞,-∞,-∞,-∞,-∞,-∞,-∞,-∞,-∞,-∞,-∞,-∞,-∞,-∞,-∞,-∞,-∞,-∞,-∞,-∞,-∞,-∞,-∞,-∞,-∞,-∞,-∞,-∞,-∞
0,0,0,-∞,-∞,-∞,-∞,-∞,-∞,-∞,-∞,-∞,-∞,-∞,-∞,-∞,-∞,-∞,-∞,-∞,-∞,-∞,-∞,-∞,-∞,-∞,-∞,-∞,-∞,-∞,-∞,-∞,-∞,-∞,-∞,-∞,-∞,-∞,-∞,-∞,-∞,-∞,-∞,-∞,-∞,-∞,-∞,-∞,-∞,-∞,-∞,-∞,-∞,-∞,-∞,-∞,-∞,-∞,-∞,-∞,-∞,-∞,-∞,-∞,-∞,-∞,-∞,-∞,-∞,-∞,-∞,-∞,-∞,-∞,-∞,-∞,-∞,-∞,-∞,-∞,-∞,-∞,-∞,-∞,-∞,-∞,-∞,-∞,-∞,-∞,-∞,-∞,-∞,-∞,-∞,-∞,-∞,-∞,-∞,-∞,-∞,-∞,-∞,-∞,-∞,-∞,-∞,-∞,-∞,-∞,-∞,-∞,-∞,-∞,-∞,-∞,-∞,-∞,-∞,-∞,-∞,-∞,-∞,-∞,-∞,-∞,-∞,-∞,-∞,-∞,-∞,-∞,-∞,-∞,-∞,-∞,-∞,-∞,-∞,-∞,-∞,-∞,-∞,-∞,-∞,-∞,-∞,-∞,-∞,-∞,-∞,-∞,-∞,-∞,-∞,-∞,-∞,-∞,-∞,-∞,-∞,-∞,-∞,-∞,-∞,-∞,-∞,-∞,-∞,-∞,-∞,-∞,-∞,-∞,-∞,-∞,-∞,-∞,-∞,-∞,-∞,-∞,-∞,-∞,-∞,-∞,-∞,-∞,-∞,-∞,-∞,-∞,-∞,-∞,-∞,-∞,-∞,-∞,-∞,-∞,-∞,-∞,-∞,-∞,-∞,-∞,-∞,-∞,-∞,-∞,-∞,-∞,-∞,-∞,-∞,-∞,-∞,-∞,-∞,-∞,-∞,-∞,-∞,-∞,-∞,-∞,-∞,-∞,-∞,-∞,-∞,-∞,-∞,-∞,-∞,-∞,-∞,-∞,-∞,-∞,-∞,-∞,-∞,-∞,-∞,-∞,-∞,-∞,-∞,-∞,-∞,-∞,-∞,-∞,-∞,-∞,-∞,-∞,-∞,-∞,-∞,-∞,-∞,-∞,-∞,-∞,-∞,-∞,-∞,-∞,-∞,-∞,-∞,-∞,-∞,-∞,-∞,-∞,-∞,-∞,-∞,-∞,-∞,-∞,-∞,-∞,-∞,-∞,-∞,-∞,-∞,-∞,-∞,-∞,-∞,-∞,-∞,-∞,-∞,-∞,-∞,-∞,-∞,-∞,-∞,-∞,-∞,-∞,-∞,-∞,-∞,-∞,-∞,-∞,-∞,-∞,-∞,-∞,-∞,-∞,-∞,-∞,-∞,-∞,-∞,-∞,-∞,-∞,-∞,-∞,-∞,-∞,-∞,-∞,-∞,-∞,-∞,-∞,-∞,-∞,-∞,-∞,-∞,-∞,-∞,-∞,-∞,-∞,-∞,-∞,-∞,-∞,-∞,-∞,-∞,-∞,-∞,-∞,-∞,-∞,-∞,-∞,-∞,-∞,-∞,-∞,-∞,-∞,-∞,-∞,-∞,-∞,-∞,-∞,-∞,-∞,-∞,-∞,-∞,-∞,-∞,-∞,-∞,-∞,-∞,-∞,-∞,-∞,-∞,-∞,-∞,-∞,-∞,-∞,-∞,-∞,-∞,-∞,-∞,-∞,-∞,-∞,-∞,-∞,-∞,-∞,-∞,-∞,-∞,-∞,-∞,-∞,-∞,-∞,-∞,-∞,-∞,-∞,-∞,-∞,-∞,-∞,-∞,-∞,-∞,-∞,-∞,-∞,-∞,-∞,-∞,-∞,-∞,-∞,-∞,-∞,-∞,-∞,-∞,-∞,-∞,-∞,-∞,-∞,-∞,-∞,-∞,-∞,-∞,-∞,-∞,-∞,-∞,-∞,-∞,-∞,-∞,-∞,-∞,-∞,-∞,-∞,-∞,-∞,-∞,-∞,-∞,-∞,-∞,-∞,-∞,-∞,-∞,-∞,-∞,-∞,-∞,-∞,-∞,-∞,-∞,-∞,-∞,-∞,-∞,-∞,-∞,-∞,-∞,-∞,-∞,-∞,-∞,-∞,-∞,-∞,-∞,-∞,-∞,-∞
0,0,-∞,-∞,-∞,-∞,-∞,-∞,-∞,-∞,-∞,-∞,-∞,-∞,-∞,-∞,-∞,-∞,-∞,-∞,-∞,-∞,-∞,-∞,-∞,-∞,-∞,-∞,-∞,-∞,-∞,-∞,-∞,-∞,-∞,-∞,-∞,-∞,-∞,-∞,-∞,-∞,-∞,-∞,-∞,-∞,-∞,-∞,-∞,-∞,-∞,-∞,-∞,-∞,-∞,-∞,-∞,-∞,-∞,-∞,-∞,-∞,-∞,-∞,-∞,-∞,-∞,-∞,-∞,-∞,-∞,-∞,-∞,-∞,-∞,-∞,-∞,-∞,-∞,-∞,-∞,-∞,-∞,-∞,-∞,-∞,-∞,-∞,-∞,-∞,-∞,-∞,-∞,-∞,-∞,-∞,-∞,-∞,-∞,-∞,-∞,-∞,-∞,-∞,-∞,-∞,-∞,-∞,-∞,-∞,-∞,-∞,-∞,-∞,-∞,-∞,-∞,-∞,-∞,-∞,-∞,-∞,-∞,-∞,-∞,-∞,-∞,-∞,-∞,-∞,-∞,-∞,-∞,-∞,-∞,-∞,-∞,-∞,-∞,-∞,-∞,-∞,-∞,-∞,-∞,-∞,-∞,-∞,-∞,-∞,-∞,-∞,-∞,-∞,-∞,-∞,-∞,-∞,-∞,-∞,-∞,-∞,-∞,-∞,-∞,-∞,-∞,-∞,-∞,-∞,-∞,-∞,-∞,-∞,-∞,-∞,-∞,-∞,-∞,-∞,-∞,-∞,-∞,-∞,-∞,-∞,-∞,-∞,-∞,-∞,-∞,-∞,-∞,-∞,-∞,-∞,-∞,-∞,-∞,-∞,-∞,-∞,-∞,-∞,-∞,-∞,-∞,-∞,-∞,-∞,-∞,-∞,-∞,-∞,-∞,-∞,-∞,-∞,-∞,-∞,-∞,-∞,-∞,-∞,-∞,-∞,-∞,-∞,-∞,-∞,-∞,-∞,-∞,-∞,-∞,-∞,-∞,-∞,-∞,-∞,-∞,-∞,-∞,-∞,-∞,-∞,-∞,-∞,-∞,-∞,-∞,-∞,-∞,-∞,-∞,-∞,-∞,-∞,-∞,-∞,-∞,-∞,-∞,-∞,-∞,-∞,-∞,-∞,-∞,-∞,-∞,-∞,-∞,-∞,-∞,-∞,-∞,-∞,-∞,-∞,-∞,-∞,-∞,-∞,-∞,-∞,-∞,-∞,-∞,-∞,-∞,-∞,-∞,-∞,-∞,-∞,-∞,-∞,-∞,-∞,-∞,-∞,-∞,-∞,-∞,-∞,-∞,-∞,-∞,-∞,-∞,-∞,-∞,-∞,-∞,-∞,-∞,-∞,-∞,-∞,-∞,-∞,-∞,-∞,-∞,-∞,-∞,-∞,-∞,-∞,-∞,-∞,-∞,-∞,-∞,-∞,-∞,-∞,-∞,-∞,-∞,-∞,-∞,-∞,-∞,-∞,-∞,-∞,-∞,-∞,-∞,-∞,-∞,-∞,-∞,-∞,-∞,-∞,-∞,-∞,-∞,-∞,-∞,-∞,-∞,-∞,-∞,-∞,-∞,-∞,-∞,-∞,-∞,-∞,-∞,-∞,-∞,-∞,-∞,-∞,-∞,-∞,-∞,-∞,-∞,-∞,-∞,-∞,-∞,-∞,-∞,-∞,-∞,-∞,-∞,-∞,-∞,-∞,-∞,-∞,-∞,-∞,-∞,-∞,-∞,-∞,-∞,-∞,-∞,-∞,-∞,-∞,-∞,-∞,-∞,-∞,-∞,-∞,-∞,-∞,-∞,-∞,-∞,-∞,-∞,-∞,-∞,-∞,-∞,-∞,-∞,-∞,-∞,-∞,-∞,-∞,-∞,-∞,-∞,-∞,-∞,-∞,-∞,-∞,-∞,-∞,-∞,-∞,-∞,-∞,-∞,-∞,-∞,-∞,-∞,-∞,-∞,-∞,-∞,-∞,-∞,-∞,-∞,-∞,-∞,-∞,-∞,-∞,-∞,-∞,-∞,-∞,-∞,-∞,-∞,-∞,-∞,-∞,-∞,-∞,-∞,-∞,-∞,-∞,-∞,-∞,-∞,-∞,-∞,-∞,-∞,-∞,-∞,-∞,-∞,-∞,-∞,-∞,-∞,-∞
